<annotation>
	<folder>my-project-name</folder>
	<filename>1102.bmp</filename>
	<path>/my-project-name/1102.bmp</path>
	<source>
		<database>Unspecified</database>
	</source>
	<size>
		<width>223</width>
		<height>75</height>
		<depth>3</depth>
	</size>
	<object>
		<name>37</name>
		<pose>Unspecified</pose>
		<truncated>0</truncated>
		<difficult>0</difficult>
		<bndbox>
			<xmin>12</xmin>
			<ymin>4</ymin>
			<xmax>69</xmax>
			<ymax>75</ymax>
		</bndbox>
	</object>
	<object>
		<name>60</name>
		<pose>Unspecified</pose>
		<truncated>0</truncated>
		<difficult>0</difficult>
		<bndbox>
			<xmin>60</xmin>
			<ymin>1</ymin>
			<xmax>99</xmax>
			<ymax>58</ymax>
		</bndbox>
	</object>
	<object>
		<name>63</name>
		<pose>Unspecified</pose>
		<truncated>0</truncated>
		<difficult>0</difficult>
		<bndbox>
			<xmin>93</xmin>
			<ymin>3</ymin>
			<xmax>138</xmax>
			<ymax>67</ymax>
		</bndbox>
	</object>
	<object>
		<name>26</name>
		<pose>Unspecified</pose>
		<truncated>0</truncated>
		<difficult>0</difficult>
		<bndbox>
			<xmin>113</xmin>
			<ymin>3</ymin>
			<xmax>212</xmax>
			<ymax>56</ymax>
		</bndbox>
	</object>
</annotation>