<annotation>
	<folder>my-project-name</folder>
	<filename>1103.bmp</filename>
	<path>/my-project-name/1103.bmp</path>
	<source>
		<database>Unspecified</database>
	</source>
	<size>
		<width>143</width>
		<height>84</height>
		<depth>3</depth>
	</size>
	<object>
		<name>63</name>
		<pose>Unspecified</pose>
		<truncated>0</truncated>
		<difficult>0</difficult>
		<bndbox>
			<xmin>13</xmin>
			<ymin>8</ymin>
			<xmax>41</xmax>
			<ymax>83</ymax>
		</bndbox>
	</object>
	<object>
		<name>41</name>
		<pose>Unspecified</pose>
		<truncated>0</truncated>
		<difficult>0</difficult>
		<bndbox>
			<xmin>36</xmin>
			<ymin>2</ymin>
			<xmax>126</xmax>
			<ymax>70</ymax>
		</bndbox>
	</object>
</annotation>