<annotation>
	<folder>my-project-name</folder>
	<filename>1104.bmp</filename>
	<path>/my-project-name/1104.bmp</path>
	<source>
		<database>Unspecified</database>
	</source>
	<size>
		<width>408</width>
		<height>78</height>
		<depth>3</depth>
	</size>
	<object>
		<name>26</name>
		<pose>Unspecified</pose>
		<truncated>0</truncated>
		<difficult>0</difficult>
		<bndbox>
			<xmin>6</xmin>
			<ymin>4</ymin>
			<xmax>67</xmax>
			<ymax>69</ymax>
		</bndbox>
	</object>
	<object>
		<name>60</name>
		<pose>Unspecified</pose>
		<truncated>0</truncated>
		<difficult>0</difficult>
		<bndbox>
			<xmin>60</xmin>
			<ymin>9</ymin>
			<xmax>114</xmax>
			<ymax>58</ymax>
		</bndbox>
	</object>
	<object>
		<name>43</name>
		<pose>Unspecified</pose>
		<truncated>0</truncated>
		<difficult>0</difficult>
		<bndbox>
			<xmin>94</xmin>
			<ymin>4</ymin>
			<xmax>159</xmax>
			<ymax>78</ymax>
		</bndbox>
	</object>
	<object>
		<name>60</name>
		<pose>Unspecified</pose>
		<truncated>0</truncated>
		<difficult>0</difficult>
		<bndbox>
			<xmin>148</xmin>
			<ymin>0</ymin>
			<xmax>184</xmax>
			<ymax>65</ymax>
		</bndbox>
	</object>
	<object>
		<name>26</name>
		<pose>Unspecified</pose>
		<truncated>0</truncated>
		<difficult>0</difficult>
		<bndbox>
			<xmin>178</xmin>
			<ymin>5</ymin>
			<xmax>242</xmax>
			<ymax>68</ymax>
		</bndbox>
	</object>
	<object>
		<name>60</name>
		<pose>Unspecified</pose>
		<truncated>0</truncated>
		<difficult>0</difficult>
		<bndbox>
			<xmin>233</xmin>
			<ymin>2</ymin>
			<xmax>278</xmax>
			<ymax>73</ymax>
		</bndbox>
	</object>
	<object>
		<name>61</name>
		<pose>Unspecified</pose>
		<truncated>0</truncated>
		<difficult>0</difficult>
		<bndbox>
			<xmin>276</xmin>
			<ymin>2</ymin>
			<xmax>296</xmax>
			<ymax>61</ymax>
		</bndbox>
	</object>
	<object>
		<name>43</name>
		<pose>Unspecified</pose>
		<truncated>0</truncated>
		<difficult>0</difficult>
		<bndbox>
			<xmin>291</xmin>
			<ymin>3</ymin>
			<xmax>392</xmax>
			<ymax>77</ymax>
		</bndbox>
	</object>
</annotation>