<annotation>
	<folder>my-project-name</folder>
	<filename>1105.bmp</filename>
	<path>/my-project-name/1105.bmp</path>
	<source>
		<database>Unspecified</database>
	</source>
	<size>
		<width>280</width>
		<height>99</height>
		<depth>3</depth>
	</size>
	<object>
		<name>14</name>
		<pose>Unspecified</pose>
		<truncated>0</truncated>
		<difficult>0</difficult>
		<bndbox>
			<xmin>7</xmin>
			<ymin>7</ymin>
			<xmax>77</xmax>
			<ymax>69</ymax>
		</bndbox>
	</object>
	<object>
		<name>86</name>
		<pose>Unspecified</pose>
		<truncated>0</truncated>
		<difficult>0</difficult>
		<bndbox>
			<xmin>26</xmin>
			<ymin>65</ymin>
			<xmax>95</xmax>
			<ymax>97</ymax>
		</bndbox>
	</object>
	<object>
		<name>35</name>
		<pose>Unspecified</pose>
		<truncated>0</truncated>
		<difficult>0</difficult>
		<bndbox>
			<xmin>77</xmin>
			<ymin>7</ymin>
			<xmax>134</xmax>
			<ymax>71</ymax>
		</bndbox>
	</object>
	<object>
		<name>60</name>
		<pose>Unspecified</pose>
		<truncated>0</truncated>
		<difficult>0</difficult>
		<bndbox>
			<xmin>135</xmin>
			<ymin>11</ymin>
			<xmax>158</xmax>
			<ymax>67</ymax>
		</bndbox>
	</object>
	<object>
		<name>63</name>
		<pose>Unspecified</pose>
		<truncated>0</truncated>
		<difficult>0</difficult>
		<bndbox>
			<xmin>157</xmin>
			<ymin>9</ymin>
			<xmax>204</xmax>
			<ymax>73</ymax>
		</bndbox>
	</object>
	<object>
		<name>26</name>
		<pose>Unspecified</pose>
		<truncated>0</truncated>
		<difficult>0</difficult>
		<bndbox>
			<xmin>184</xmin>
			<ymin>4</ymin>
			<xmax>271</xmax>
			<ymax>59</ymax>
		</bndbox>
	</object>
</annotation>