<annotation>
	<folder>my-project-name</folder>
	<filename>1106.bmp</filename>
	<path>/my-project-name/1106.bmp</path>
	<source>
		<database>Unspecified</database>
	</source>
	<size>
		<width>339</width>
		<height>82</height>
		<depth>3</depth>
	</size>
	<object>
		<name>33</name>
		<pose>Unspecified</pose>
		<truncated>0</truncated>
		<difficult>0</difficult>
		<bndbox>
			<xmin>10</xmin>
			<ymin>4</ymin>
			<xmax>89</xmax>
			<ymax>61</ymax>
		</bndbox>
	</object>
	<object>
		<name>67</name>
		<pose>Unspecified</pose>
		<truncated>0</truncated>
		<difficult>0</difficult>
		<bndbox>
			<xmin>50</xmin>
			<ymin>1</ymin>
			<xmax>117</xmax>
			<ymax>80</ymax>
		</bndbox>
	</object>
	<object>
		<name>60</name>
		<pose>Unspecified</pose>
		<truncated>0</truncated>
		<difficult>0</difficult>
		<bndbox>
			<xmin>115</xmin>
			<ymin>1</ymin>
			<xmax>137</xmax>
			<ymax>68</ymax>
		</bndbox>
	</object>
	<object>
		<name>31</name>
		<pose>Unspecified</pose>
		<truncated>0</truncated>
		<difficult>0</difficult>
		<bndbox>
			<xmin>128</xmin>
			<ymin>0</ymin>
			<xmax>205</xmax>
			<ymax>73</ymax>
		</bndbox>
	</object>
	<object>
		<name>60</name>
		<pose>Unspecified</pose>
		<truncated>0</truncated>
		<difficult>0</difficult>
		<bndbox>
			<xmin>205</xmin>
			<ymin>6</ymin>
			<xmax>230</xmax>
			<ymax>69</ymax>
		</bndbox>
	</object>
	<object>
		<name>63</name>
		<pose>Unspecified</pose>
		<truncated>0</truncated>
		<difficult>0</difficult>
		<bndbox>
			<xmin>231</xmin>
			<ymin>4</ymin>
			<xmax>287</xmax>
			<ymax>80</ymax>
		</bndbox>
	</object>
	<object>
		<name>37</name>
		<pose>Unspecified</pose>
		<truncated>0</truncated>
		<difficult>0</difficult>
		<bndbox>
			<xmin>278</xmin>
			<ymin>7</ymin>
			<xmax>332</xmax>
			<ymax>77</ymax>
		</bndbox>
	</object>
</annotation>