<annotation>
	<folder>my-project-name</folder>
	<filename>1107.bmp</filename>
	<path>/my-project-name/1107.bmp</path>
	<source>
		<database>Unspecified</database>
	</source>
	<size>
		<width>337</width>
		<height>68</height>
		<depth>3</depth>
	</size>
	<object>
		<name>36</name>
		<pose>Unspecified</pose>
		<truncated>0</truncated>
		<difficult>0</difficult>
		<bndbox>
			<xmin>6</xmin>
			<ymin>3</ymin>
			<xmax>64</xmax>
			<ymax>61</ymax>
		</bndbox>
	</object>
	<object>
		<name>60</name>
		<pose>Unspecified</pose>
		<truncated>0</truncated>
		<difficult>0</difficult>
		<bndbox>
			<xmin>62</xmin>
			<ymin>0</ymin>
			<xmax>102</xmax>
			<ymax>59</ymax>
		</bndbox>
	</object>
	<object>
		<name>9</name>
		<pose>Unspecified</pose>
		<truncated>0</truncated>
		<difficult>0</difficult>
		<bndbox>
			<xmin>108</xmin>
			<ymin>1</ymin>
			<xmax>174</xmax>
			<ymax>65</ymax>
		</bndbox>
	</object>
	<object>
		<name>45</name>
		<pose>Unspecified</pose>
		<truncated>0</truncated>
		<difficult>0</difficult>
		<bndbox>
			<xmin>177</xmin>
			<ymin>4</ymin>
			<xmax>237</xmax>
			<ymax>66</ymax>
		</bndbox>
	</object>
	<object>
		<name>60</name>
		<pose>Unspecified</pose>
		<truncated>0</truncated>
		<difficult>0</difficult>
		<bndbox>
			<xmin>244</xmin>
			<ymin>0</ymin>
			<xmax>274</xmax>
			<ymax>67</ymax>
		</bndbox>
	</object>
	<object>
		<name>37</name>
		<pose>Unspecified</pose>
		<truncated>0</truncated>
		<difficult>0</difficult>
		<bndbox>
			<xmin>283</xmin>
			<ymin>4</ymin>
			<xmax>327</xmax>
			<ymax>68</ymax>
		</bndbox>
	</object>
</annotation>