<annotation>
	<folder>my-project-name</folder>
	<filename>1108.bmp</filename>
	<path>/my-project-name/1108.bmp</path>
	<source>
		<database>Unspecified</database>
	</source>
	<size>
		<width>393</width>
		<height>114</height>
		<depth>3</depth>
	</size>
	<object>
		<name>41</name>
		<pose>Unspecified</pose>
		<truncated>0</truncated>
		<difficult>0</difficult>
		<bndbox>
			<xmin>7</xmin>
			<ymin>41</ymin>
			<xmax>76</xmax>
			<ymax>114</ymax>
		</bndbox>
	</object>
	<object>
		<name>33</name>
		<pose>Unspecified</pose>
		<truncated>0</truncated>
		<difficult>0</difficult>
		<bndbox>
			<xmin>71</xmin>
			<ymin>43</ymin>
			<xmax>126</xmax>
			<ymax>101</ymax>
		</bndbox>
	</object>
	<object>
		<name>60</name>
		<pose>Unspecified</pose>
		<truncated>0</truncated>
		<difficult>0</difficult>
		<bndbox>
			<xmin>131</xmin>
			<ymin>38</ymin>
			<xmax>161</xmax>
			<ymax>104</ymax>
		</bndbox>
	</object>
	<object>
		<name>2</name>
		<pose>Unspecified</pose>
		<truncated>0</truncated>
		<difficult>0</difficult>
		<bndbox>
			<xmin>139</xmin>
			<ymin>3</ymin>
			<xmax>218</xmax>
			<ymax>104</ymax>
		</bndbox>
	</object>
	<object>
		<name>63</name>
		<pose>Unspecified</pose>
		<truncated>0</truncated>
		<difficult>0</difficult>
		<bndbox>
			<xmin>228</xmin>
			<ymin>37</ymin>
			<xmax>275</xmax>
			<ymax>110</ymax>
		</bndbox>
	</object>
	<object>
		<name>11</name>
		<pose>Unspecified</pose>
		<truncated>0</truncated>
		<difficult>0</difficult>
		<bndbox>
			<xmin>276</xmin>
			<ymin>35</ymin>
			<xmax>381</xmax>
			<ymax>103</ymax>
		</bndbox>
	</object>
</annotation>