<annotation>
	<folder>my-project-name</folder>
	<filename>1109.bmp</filename>
	<path>/my-project-name/1109.bmp</path>
	<source>
		<database>Unspecified</database>
	</source>
	<size>
		<width>245</width>
		<height>67</height>
		<depth>3</depth>
	</size>
	<object>
		<name>7</name>
		<pose>Unspecified</pose>
		<truncated>0</truncated>
		<difficult>0</difficult>
		<bndbox>
			<xmin>8</xmin>
			<ymin>1</ymin>
			<xmax>74</xmax>
			<ymax>61</ymax>
		</bndbox>
	</object>
	<object>
		<name>37</name>
		<pose>Unspecified</pose>
		<truncated>0</truncated>
		<difficult>0</difficult>
		<bndbox>
			<xmin>76</xmin>
			<ymin>8</ymin>
			<xmax>124</xmax>
			<ymax>67</ymax>
		</bndbox>
	</object>
	<object>
		<name>31</name>
		<pose>Unspecified</pose>
		<truncated>0</truncated>
		<difficult>0</difficult>
		<bndbox>
			<xmin>128</xmin>
			<ymin>6</ymin>
			<xmax>194</xmax>
			<ymax>65</ymax>
		</bndbox>
	</object>
	<object>
		<name>33</name>
		<pose>Unspecified</pose>
		<truncated>0</truncated>
		<difficult>0</difficult>
		<bndbox>
			<xmin>190</xmin>
			<ymin>12</ymin>
			<xmax>238</xmax>
			<ymax>65</ymax>
		</bndbox>
	</object>
</annotation>