<annotation>
	<folder>my-project-name</folder>
	<filename>1110.bmp</filename>
	<path>/my-project-name/1110.bmp</path>
	<source>
		<database>Unspecified</database>
	</source>
	<size>
		<width>224</width>
		<height>75</height>
		<depth>3</depth>
	</size>
	<object>
		<name>27</name>
		<pose>Unspecified</pose>
		<truncated>0</truncated>
		<difficult>0</difficult>
		<bndbox>
			<xmin>4</xmin>
			<ymin>5</ymin>
			<xmax>56</xmax>
			<ymax>62</ymax>
		</bndbox>
	</object>
	<object>
		<name>63</name>
		<pose>Unspecified</pose>
		<truncated>0</truncated>
		<difficult>0</difficult>
		<bndbox>
			<xmin>59</xmin>
			<ymin>5</ymin>
			<xmax>106</xmax>
			<ymax>73</ymax>
		</bndbox>
	</object>
	<object>
		<name>11</name>
		<pose>Unspecified</pose>
		<truncated>0</truncated>
		<difficult>0</difficult>
		<bndbox>
			<xmin>101</xmin>
			<ymin>3</ymin>
			<xmax>214</xmax>
			<ymax>59</ymax>
		</bndbox>
	</object>
</annotation>