<annotation>
	<folder>my-project-name</folder>
	<filename>1112.bmp</filename>
	<path>/my-project-name/1112.bmp</path>
	<source>
		<database>Unspecified</database>
	</source>
	<size>
		<width>234</width>
		<height>79</height>
		<depth>3</depth>
	</size>
	<object>
		<name>26</name>
		<pose>Unspecified</pose>
		<truncated>0</truncated>
		<difficult>0</difficult>
		<bndbox>
			<xmin>7</xmin>
			<ymin>2</ymin>
			<xmax>71</xmax>
			<ymax>69</ymax>
		</bndbox>
	</object>
	<object>
		<name>60</name>
		<pose>Unspecified</pose>
		<truncated>0</truncated>
		<difficult>0</difficult>
		<bndbox>
			<xmin>65</xmin>
			<ymin>4</ymin>
			<xmax>99</xmax>
			<ymax>64</ymax>
		</bndbox>
	</object>
	<object>
		<name>63</name>
		<pose>Unspecified</pose>
		<truncated>0</truncated>
		<difficult>0</difficult>
		<bndbox>
			<xmin>102</xmin>
			<ymin>5</ymin>
			<xmax>134</xmax>
			<ymax>76</ymax>
		</bndbox>
	</object>
	<object>
		<name>11</name>
		<pose>Unspecified</pose>
		<truncated>0</truncated>
		<difficult>0</difficult>
		<bndbox>
			<xmin>132</xmin>
			<ymin>3</ymin>
			<xmax>220</xmax>
			<ymax>66</ymax>
		</bndbox>
	</object>
</annotation>