<annotation>
	<folder>my-project-name</folder>
	<filename>1113.bmp</filename>
	<path>/my-project-name/1113.bmp</path>
	<source>
		<database>Unspecified</database>
	</source>
	<size>
		<width>323</width>
		<height>96</height>
		<depth>3</depth>
	</size>
	<object>
		<name>1</name>
		<pose>Unspecified</pose>
		<truncated>0</truncated>
		<difficult>0</difficult>
		<bndbox>
			<xmin>6</xmin>
			<ymin>3</ymin>
			<xmax>98</xmax>
			<ymax>70</ymax>
		</bndbox>
	</object>
	<object>
		<name>30</name>
		<pose>Unspecified</pose>
		<truncated>0</truncated>
		<difficult>0</difficult>
		<bndbox>
			<xmin>99</xmin>
			<ymin>4</ymin>
			<xmax>156</xmax>
			<ymax>64</ymax>
		</bndbox>
	</object>
	<object>
		<name>86</name>
		<pose>Unspecified</pose>
		<truncated>0</truncated>
		<difficult>0</difficult>
		<bndbox>
			<xmin>103</xmin>
			<ymin>60</ymin>
			<xmax>174</xmax>
			<ymax>96</ymax>
		</bndbox>
	</object>
	<object>
		<name>13</name>
		<pose>Unspecified</pose>
		<truncated>0</truncated>
		<difficult>0</difficult>
		<bndbox>
			<xmin>169</xmin>
			<ymin>4</ymin>
			<xmax>222</xmax>
			<ymax>53</ymax>
		</bndbox>
	</object>
	<object>
		<name>66</name>
		<pose>Unspecified</pose>
		<truncated>0</truncated>
		<difficult>0</difficult>
		<bndbox>
			<xmin>166</xmin>
			<ymin>47</ymin>
			<xmax>225</xmax>
			<ymax>81</ymax>
		</bndbox>
	</object>
	<object>
		<name>42</name>
		<pose>Unspecified</pose>
		<truncated>0</truncated>
		<difficult>0</difficult>
		<bndbox>
			<xmin>215</xmin>
			<ymin>2</ymin>
			<xmax>314</xmax>
			<ymax>89</ymax>
		</bndbox>
	</object>
</annotation>