<annotation>
	<folder>my-project-name</folder>
	<filename>1114.bmp</filename>
	<path>/my-project-name/1114.bmp</path>
	<source>
		<database>Unspecified</database>
	</source>
	<size>
		<width>338</width>
		<height>115</height>
		<depth>3</depth>
	</size>
	<object>
		<name>41</name>
		<pose>Unspecified</pose>
		<truncated>0</truncated>
		<difficult>0</difficult>
		<bndbox>
			<xmin>5</xmin>
			<ymin>10</ymin>
			<xmax>71</xmax>
			<ymax>82</ymax>
		</bndbox>
	</object>
	<object>
		<name>60</name>
		<pose>Unspecified</pose>
		<truncated>0</truncated>
		<difficult>0</difficult>
		<bndbox>
			<xmin>59</xmin>
			<ymin>9</ymin>
			<xmax>97</xmax>
			<ymax>75</ymax>
		</bndbox>
	</object>
	<object>
		<name>77</name>
		<pose>Unspecified</pose>
		<truncated>0</truncated>
		<difficult>0</difficult>
		<bndbox>
			<xmin>95</xmin>
			<ymin>4</ymin>
			<xmax>163</xmax>
			<ymax>110</ymax>
		</bndbox>
	</object>
	<object>
		<name>63</name>
		<pose>Unspecified</pose>
		<truncated>0</truncated>
		<difficult>0</difficult>
		<bndbox>
			<xmin>150</xmin>
			<ymin>7</ymin>
			<xmax>215</xmax>
			<ymax>100</ymax>
		</bndbox>
	</object>
	<object>
		<name>76</name>
		<pose>Unspecified</pose>
		<truncated>0</truncated>
		<difficult>0</difficult>
		<bndbox>
			<xmin>181</xmin>
			<ymin>5</ymin>
			<xmax>275</xmax>
			<ymax>90</ymax>
		</bndbox>
	</object>
	<object>
		<name>67</name>
		<pose>Unspecified</pose>
		<truncated>0</truncated>
		<difficult>0</difficult>
		<bndbox>
			<xmin>263</xmin>
			<ymin>2</ymin>
			<xmax>322</xmax>
			<ymax>115</ymax>
		</bndbox>
	</object>
</annotation>