<annotation>
	<folder>my-project-name</folder>
	<filename>1115.bmp</filename>
	<path>/my-project-name/1115.bmp</path>
	<source>
		<database>Unspecified</database>
	</source>
	<size>
		<width>215</width>
		<height>75</height>
		<depth>3</depth>
	</size>
	<object>
		<name>7</name>
		<pose>Unspecified</pose>
		<truncated>0</truncated>
		<difficult>0</difficult>
		<bndbox>
			<xmin>6</xmin>
			<ymin>4</ymin>
			<xmax>64</xmax>
			<ymax>61</ymax>
		</bndbox>
	</object>
	<object>
		<name>63</name>
		<pose>Unspecified</pose>
		<truncated>0</truncated>
		<difficult>0</difficult>
		<bndbox>
			<xmin>72</xmin>
			<ymin>12</ymin>
			<xmax>116</xmax>
			<ymax>74</ymax>
		</bndbox>
	</object>
	<object>
		<name>30</name>
		<pose>Unspecified</pose>
		<truncated>0</truncated>
		<difficult>0</difficult>
		<bndbox>
			<xmin>110</xmin>
			<ymin>12</ymin>
			<xmax>201</xmax>
			<ymax>72</ymax>
		</bndbox>
	</object>
</annotation>