<annotation>
	<folder>my-project-name</folder>
	<filename>1116.bmp</filename>
	<path>/my-project-name/1116.bmp</path>
	<source>
		<database>Unspecified</database>
	</source>
	<size>
		<width>207</width>
		<height>95</height>
		<depth>3</depth>
	</size>
	<object>
		<name>11</name>
		<pose>Unspecified</pose>
		<truncated>0</truncated>
		<difficult>0</difficult>
		<bndbox>
			<xmin>6</xmin>
			<ymin>38</ymin>
			<xmax>71</xmax>
			<ymax>93</ymax>
		</bndbox>
	</object>
	<object>
		<name>61</name>
		<pose>Unspecified</pose>
		<truncated>0</truncated>
		<difficult>0</difficult>
		<bndbox>
			<xmin>74</xmin>
			<ymin>3</ymin>
			<xmax>136</xmax>
			<ymax>94</ymax>
		</bndbox>
	</object>
	<object>
		<name>33</name>
		<pose>Unspecified</pose>
		<truncated>0</truncated>
		<difficult>0</difficult>
		<bndbox>
			<xmin>115</xmin>
			<ymin>31</ymin>
			<xmax>198</xmax>
			<ymax>88</ymax>
		</bndbox>
	</object>
	<object>
		<name>92</name>
		<pose>Unspecified</pose>
		<truncated>0</truncated>
		<difficult>0</difficult>
		<bndbox>
			<xmin>180</xmin>
			<ymin>62</ymin>
			<xmax>200</xmax>
			<ymax>95</ymax>
		</bndbox>
	</object>
</annotation>