<annotation>
	<folder>my-project-name</folder>
	<filename>1118.bmp</filename>
	<path>/my-project-name/1118.bmp</path>
	<source>
		<database>Unspecified</database>
	</source>
	<size>
		<width>236</width>
		<height>60</height>
		<depth>3</depth>
	</size>
	<object>
		<name>64</name>
		<pose>Unspecified</pose>
		<truncated>0</truncated>
		<difficult>0</difficult>
		<bndbox>
			<xmin>8</xmin>
			<ymin>0</ymin>
			<xmax>61</xmax>
			<ymax>59</ymax>
		</bndbox>
	</object>
	<object>
		<name>11</name>
		<pose>Unspecified</pose>
		<truncated>0</truncated>
		<difficult>0</difficult>
		<bndbox>
			<xmin>59</xmin>
			<ymin>4</ymin>
			<xmax>120</xmax>
			<ymax>54</ymax>
		</bndbox>
	</object>
	<object>
		<name>64</name>
		<pose>Unspecified</pose>
		<truncated>0</truncated>
		<difficult>0</difficult>
		<bndbox>
			<xmin>124</xmin>
			<ymin>3</ymin>
			<xmax>223</xmax>
			<ymax>60</ymax>
		</bndbox>
	</object>
</annotation>