<annotation>
	<folder>my-project-name</folder>
	<filename>1120.bmp</filename>
	<path>/my-project-name/1120.bmp</path>
	<source>
		<database>Unspecified</database>
	</source>
	<size>
		<width>285</width>
		<height>74</height>
		<depth>3</depth>
	</size>
	<object>
		<name>11</name>
		<pose>Unspecified</pose>
		<truncated>0</truncated>
		<difficult>0</difficult>
		<bndbox>
			<xmin>10</xmin>
			<ymin>2</ymin>
			<xmax>87</xmax>
			<ymax>66</ymax>
		</bndbox>
	</object>
	<object>
		<name>37</name>
		<pose>Unspecified</pose>
		<truncated>0</truncated>
		<difficult>0</difficult>
		<bndbox>
			<xmin>83</xmin>
			<ymin>7</ymin>
			<xmax>148</xmax>
			<ymax>74</ymax>
		</bndbox>
	</object>
	<object>
		<name>63</name>
		<pose>Unspecified</pose>
		<truncated>0</truncated>
		<difficult>0</difficult>
		<bndbox>
			<xmin>143</xmin>
			<ymin>5</ymin>
			<xmax>203</xmax>
			<ymax>73</ymax>
		</bndbox>
	</object>
	<object>
		<name>26</name>
		<pose>Unspecified</pose>
		<truncated>0</truncated>
		<difficult>0</difficult>
		<bndbox>
			<xmin>173</xmin>
			<ymin>5</ymin>
			<xmax>274</xmax>
			<ymax>66</ymax>
		</bndbox>
	</object>
</annotation>