<annotation>
	<folder>my-project-name</folder>
	<filename>1121.bmp</filename>
	<path>/my-project-name/1121.bmp</path>
	<source>
		<database>Unspecified</database>
	</source>
	<size>
		<width>226</width>
		<height>67</height>
		<depth>3</depth>
	</size>
	<object>
		<name>38</name>
		<pose>Unspecified</pose>
		<truncated>0</truncated>
		<difficult>0</difficult>
		<bndbox>
			<xmin>7</xmin>
			<ymin>2</ymin>
			<xmax>83</xmax>
			<ymax>58</ymax>
		</bndbox>
	</object>
	<object>
		<name>60</name>
		<pose>Unspecified</pose>
		<truncated>0</truncated>
		<difficult>0</difficult>
		<bndbox>
			<xmin>85</xmin>
			<ymin>6</ymin>
			<xmax>112</xmax>
			<ymax>60</ymax>
		</bndbox>
	</object>
	<object>
		<name>14</name>
		<pose>Unspecified</pose>
		<truncated>0</truncated>
		<difficult>0</difficult>
		<bndbox>
			<xmin>108</xmin>
			<ymin>9</ymin>
			<xmax>173</xmax>
			<ymax>67</ymax>
		</bndbox>
	</object>
	<object>
		<name>33</name>
		<pose>Unspecified</pose>
		<truncated>0</truncated>
		<difficult>0</difficult>
		<bndbox>
			<xmin>169</xmin>
			<ymin>11</ymin>
			<xmax>219</xmax>
			<ymax>67</ymax>
		</bndbox>
	</object>
</annotation>