<annotation>
	<folder>my-project-name</folder>
	<filename>1122.bmp</filename>
	<path>/my-project-name/1122.bmp</path>
	<source>
		<database>Unspecified</database>
	</source>
	<size>
		<width>211</width>
		<height>67</height>
		<depth>3</depth>
	</size>
	<object>
		<name>11</name>
		<pose>Unspecified</pose>
		<truncated>0</truncated>
		<difficult>0</difficult>
		<bndbox>
			<xmin>10</xmin>
			<ymin>4</ymin>
			<xmax>86</xmax>
			<ymax>65</ymax>
		</bndbox>
	</object>
	<object>
		<name>82</name>
		<pose>Unspecified</pose>
		<truncated>0</truncated>
		<difficult>0</difficult>
		<bndbox>
			<xmin>86</xmin>
			<ymin>0</ymin>
			<xmax>173</xmax>
			<ymax>66</ymax>
		</bndbox>
	</object>
</annotation>