<annotation>
	<folder>my-project-name</folder>
	<filename>1123.bmp</filename>
	<path>/my-project-name/1123.bmp</path>
	<source>
		<database>Unspecified</database>
	</source>
	<size>
		<width>204</width>
		<height>75</height>
		<depth>3</depth>
	</size>
	<object>
		<name>11</name>
		<pose>Unspecified</pose>
		<truncated>0</truncated>
		<difficult>0</difficult>
		<bndbox>
			<xmin>9</xmin>
			<ymin>2</ymin>
			<xmax>90</xmax>
			<ymax>68</ymax>
		</bndbox>
	</object>
	<object>
		<name>63</name>
		<pose>Unspecified</pose>
		<truncated>0</truncated>
		<difficult>0</difficult>
		<bndbox>
			<xmin>87</xmin>
			<ymin>0</ymin>
			<xmax>144</xmax>
			<ymax>73</ymax>
		</bndbox>
	</object>
	<object>
		<name>37</name>
		<pose>Unspecified</pose>
		<truncated>0</truncated>
		<difficult>0</difficult>
		<bndbox>
			<xmin>122</xmin>
			<ymin>3</ymin>
			<xmax>193</xmax>
			<ymax>71</ymax>
		</bndbox>
	</object>
	<object>
		<name>92</name>
		<pose>Unspecified</pose>
		<truncated>0</truncated>
		<difficult>0</difficult>
		<bndbox>
			<xmin>185</xmin>
			<ymin>26</ymin>
			<xmax>204</xmax>
			<ymax>70</ymax>
		</bndbox>
	</object>
</annotation>