<annotation>
	<folder>my-project-name</folder>
	<filename>1124.bmp</filename>
	<path>/my-project-name/1124.bmp</path>
	<source>
		<database>Unspecified</database>
	</source>
	<size>
		<width>151</width>
		<height>69</height>
		<depth>3</depth>
	</size>
	<object>
		<name>26</name>
		<pose>Unspecified</pose>
		<truncated>0</truncated>
		<difficult>0</difficult>
		<bndbox>
			<xmin>5</xmin>
			<ymin>2</ymin>
			<xmax>63</xmax>
			<ymax>62</ymax>
		</bndbox>
	</object>
	<object>
		<name>60</name>
		<pose>Unspecified</pose>
		<truncated>0</truncated>
		<difficult>0</difficult>
		<bndbox>
			<xmin>60</xmin>
			<ymin>3</ymin>
			<xmax>93</xmax>
			<ymax>68</ymax>
		</bndbox>
	</object>
	<object>
		<name>37</name>
		<pose>Unspecified</pose>
		<truncated>0</truncated>
		<difficult>0</difficult>
		<bndbox>
			<xmin>85</xmin>
			<ymin>3</ymin>
			<xmax>144</xmax>
			<ymax>69</ymax>
		</bndbox>
	</object>
</annotation>