<annotation>
	<folder>my-project-name</folder>
	<filename>1125.bmp</filename>
	<path>/my-project-name/1125.bmp</path>
	<source>
		<database>Unspecified</database>
	</source>
	<size>
		<width>211</width>
		<height>87</height>
		<depth>3</depth>
	</size>
	<object>
		<name>33</name>
		<pose>Unspecified</pose>
		<truncated>0</truncated>
		<difficult>0</difficult>
		<bndbox>
			<xmin>7</xmin>
			<ymin>25</ymin>
			<xmax>66</xmax>
			<ymax>87</ymax>
		</bndbox>
	</object>
	<object>
		<name>30</name>
		<pose>Unspecified</pose>
		<truncated>0</truncated>
		<difficult>0</difficult>
		<bndbox>
			<xmin>69</xmin>
			<ymin>29</ymin>
			<xmax>121</xmax>
			<ymax>84</ymax>
		</bndbox>
	</object>
	<object>
		<name>66</name>
		<pose>Unspecified</pose>
		<truncated>0</truncated>
		<difficult>0</difficult>
		<bndbox>
			<xmin>99</xmin>
			<ymin>2</ymin>
			<xmax>140</xmax>
			<ymax>36</ymax>
		</bndbox>
	</object>
	<object>
		<name>30</name>
		<pose>Unspecified</pose>
		<truncated>0</truncated>
		<difficult>0</difficult>
		<bndbox>
			<xmin>115</xmin>
			<ymin>27</ymin>
			<xmax>175</xmax>
			<ymax>82</ymax>
		</bndbox>
	</object>
	<object>
		<name>60</name>
		<pose>Unspecified</pose>
		<truncated>0</truncated>
		<difficult>0</difficult>
		<bndbox>
			<xmin>169</xmin>
			<ymin>27</ymin>
			<xmax>205</xmax>
			<ymax>86</ymax>
		</bndbox>
	</object>
</annotation>