<annotation>
	<folder>my-project-name</folder>
	<filename>1126.bmp</filename>
	<path>/my-project-name/1126.bmp</path>
	<source>
		<database>Unspecified</database>
	</source>
	<size>
		<width>333</width>
		<height>137</height>
		<depth>3</depth>
	</size>
	<object>
		<name>61</name>
		<pose>Unspecified</pose>
		<truncated>0</truncated>
		<difficult>0</difficult>
		<bndbox>
			<xmin>8</xmin>
			<ymin>2</ymin>
			<xmax>102</xmax>
			<ymax>99</ymax>
		</bndbox>
	</object>
	<object>
		<name>35</name>
		<pose>Unspecified</pose>
		<truncated>0</truncated>
		<difficult>0</difficult>
		<bndbox>
			<xmin>60</xmin>
			<ymin>44</ymin>
			<xmax>130</xmax>
			<ymax>110</ymax>
		</bndbox>
	</object>
	<object>
		<name>82</name>
		<pose>Unspecified</pose>
		<truncated>0</truncated>
		<difficult>0</difficult>
		<bndbox>
			<xmin>127</xmin>
			<ymin>21</ymin>
			<xmax>221</xmax>
			<ymax>118</ymax>
		</bndbox>
	</object>
	<object>
		<name>60</name>
		<pose>Unspecified</pose>
		<truncated>0</truncated>
		<difficult>0</difficult>
		<bndbox>
			<xmin>217</xmin>
			<ymin>46</ymin>
			<xmax>269</xmax>
			<ymax>111</ymax>
		</bndbox>
	</object>
	<object>
		<name>83</name>
		<pose>Unspecified</pose>
		<truncated>0</truncated>
		<difficult>0</difficult>
		<bndbox>
			<xmin>254</xmin>
			<ymin>49</ymin>
			<xmax>328</xmax>
			<ymax>137</ymax>
		</bndbox>
	</object>
</annotation>