<annotation>
	<folder>my-project-name</folder>
	<filename>1127.bmp</filename>
	<path>/my-project-name/1127.bmp</path>
	<source>
		<database>Unspecified</database>
	</source>
	<size>
		<width>348</width>
		<height>60</height>
		<depth>3</depth>
	</size>
	<object>
		<name>1</name>
		<pose>Unspecified</pose>
		<truncated>0</truncated>
		<difficult>0</difficult>
		<bndbox>
			<xmin>9</xmin>
			<ymin>1</ymin>
			<xmax>105</xmax>
			<ymax>60</ymax>
		</bndbox>
	</object>
	<object>
		<name>60</name>
		<pose>Unspecified</pose>
		<truncated>0</truncated>
		<difficult>0</difficult>
		<bndbox>
			<xmin>107</xmin>
			<ymin>0</ymin>
			<xmax>133</xmax>
			<ymax>56</ymax>
		</bndbox>
	</object>
	<object>
		<name>34</name>
		<pose>Unspecified</pose>
		<truncated>0</truncated>
		<difficult>0</difficult>
		<bndbox>
			<xmin>117</xmin>
			<ymin>0</ymin>
			<xmax>182</xmax>
			<ymax>58</ymax>
		</bndbox>
	</object>
	<object>
		<name>64</name>
		<pose>Unspecified</pose>
		<truncated>0</truncated>
		<difficult>0</difficult>
		<bndbox>
			<xmin>171</xmin>
			<ymin>0</ymin>
			<xmax>266</xmax>
			<ymax>58</ymax>
		</bndbox>
	</object>
	<object>
		<name>26</name>
		<pose>Unspecified</pose>
		<truncated>0</truncated>
		<difficult>0</difficult>
		<bndbox>
			<xmin>253</xmin>
			<ymin>0</ymin>
			<xmax>319</xmax>
			<ymax>51</ymax>
		</bndbox>
	</object>
	<object>
		<name>60</name>
		<pose>Unspecified</pose>
		<truncated>0</truncated>
		<difficult>0</difficult>
		<bndbox>
			<xmin>315</xmin>
			<ymin>1</ymin>
			<xmax>346</xmax>
			<ymax>60</ymax>
		</bndbox>
	</object>
</annotation>