<annotation>
	<folder>my-project-name</folder>
	<filename>1128.bmp</filename>
	<path>/my-project-name/1128.bmp</path>
	<source>
		<database>Unspecified</database>
	</source>
	<size>
		<width>166</width>
		<height>66</height>
		<depth>3</depth>
	</size>
	<object>
		<name>7</name>
		<pose>Unspecified</pose>
		<truncated>0</truncated>
		<difficult>0</difficult>
		<bndbox>
			<xmin>2</xmin>
			<ymin>1</ymin>
			<xmax>88</xmax>
			<ymax>62</ymax>
		</bndbox>
	</object>
	<object>
		<name>11</name>
		<pose>Unspecified</pose>
		<truncated>0</truncated>
		<difficult>0</difficult>
		<bndbox>
			<xmin>83</xmin>
			<ymin>14</ymin>
			<xmax>161</xmax>
			<ymax>66</ymax>
		</bndbox>
	</object>
</annotation>