<annotation>
	<folder>my-project-name</folder>
	<filename>1129.bmp</filename>
	<path>/my-project-name/1129.bmp</path>
	<source>
		<database>Unspecified</database>
	</source>
	<size>
		<width>159</width>
		<height>62</height>
		<depth>3</depth>
	</size>
	<object>
		<name>26</name>
		<pose>Unspecified</pose>
		<truncated>0</truncated>
		<difficult>0</difficult>
		<bndbox>
			<xmin>1</xmin>
			<ymin>2</ymin>
			<xmax>77</xmax>
			<ymax>61</ymax>
		</bndbox>
	</object>
	<object>
		<name>60</name>
		<pose>Unspecified</pose>
		<truncated>0</truncated>
		<difficult>0</difficult>
		<bndbox>
			<xmin>76</xmin>
			<ymin>5</ymin>
			<xmax>103</xmax>
			<ymax>62</ymax>
		</bndbox>
	</object>
	<object>
		<name>33</name>
		<pose>Unspecified</pose>
		<truncated>0</truncated>
		<difficult>0</difficult>
		<bndbox>
			<xmin>102</xmin>
			<ymin>5</ymin>
			<xmax>152</xmax>
			<ymax>62</ymax>
		</bndbox>
	</object>
</annotation>