<annotation>
	<folder>my-project-name</folder>
	<filename>1130.bmp</filename>
	<path>/my-project-name/1130.bmp</path>
	<source>
		<database>Unspecified</database>
	</source>
	<size>
		<width>224</width>
		<height>67</height>
		<depth>3</depth>
	</size>
	<object>
		<name>11</name>
		<pose>Unspecified</pose>
		<truncated>0</truncated>
		<difficult>0</difficult>
		<bndbox>
			<xmin>1</xmin>
			<ymin>0</ymin>
			<xmax>100</xmax>
			<ymax>62</ymax>
		</bndbox>
	</object>
	<object>
		<name>61</name>
		<pose>Unspecified</pose>
		<truncated>0</truncated>
		<difficult>0</difficult>
		<bndbox>
			<xmin>71</xmin>
			<ymin>0</ymin>
			<xmax>130</xmax>
			<ymax>57</ymax>
		</bndbox>
	</object>
	<object>
		<name>37</name>
		<pose>Unspecified</pose>
		<truncated>0</truncated>
		<difficult>0</difficult>
		<bndbox>
			<xmin>126</xmin>
			<ymin>3</ymin>
			<xmax>208</xmax>
			<ymax>67</ymax>
		</bndbox>
	</object>
	<object>
		<name>92</name>
		<pose>Unspecified</pose>
		<truncated>0</truncated>
		<difficult>0</difficult>
		<bndbox>
			<xmin>186</xmin>
			<ymin>26</ymin>
			<xmax>216</xmax>
			<ymax>63</ymax>
		</bndbox>
	</object>
</annotation>