<annotation>
	<folder>my-project-name</folder>
	<filename>1131.bmp</filename>
	<path>/my-project-name/1131.bmp</path>
	<source>
		<database>Unspecified</database>
	</source>
	<size>
		<width>335</width>
		<height>85</height>
		<depth>3</depth>
	</size>
	<object>
		<name>1</name>
		<pose>Unspecified</pose>
		<truncated>0</truncated>
		<difficult>0</difficult>
		<bndbox>
			<xmin>2</xmin>
			<ymin>2</ymin>
			<xmax>97</xmax>
			<ymax>66</ymax>
		</bndbox>
	</object>
	<object>
		<name>60</name>
		<pose>Unspecified</pose>
		<truncated>0</truncated>
		<difficult>0</difficult>
		<bndbox>
			<xmin>91</xmin>
			<ymin>7</ymin>
			<xmax>130</xmax>
			<ymax>64</ymax>
		</bndbox>
	</object>
	<object>
		<name>35</name>
		<pose>Unspecified</pose>
		<truncated>0</truncated>
		<difficult>0</difficult>
		<bndbox>
			<xmin>127</xmin>
			<ymin>5</ymin>
			<xmax>189</xmax>
			<ymax>70</ymax>
		</bndbox>
	</object>
	<object>
		<name>60</name>
		<pose>Unspecified</pose>
		<truncated>0</truncated>
		<difficult>0</difficult>
		<bndbox>
			<xmin>180</xmin>
			<ymin>6</ymin>
			<xmax>216</xmax>
			<ymax>67</ymax>
		</bndbox>
	</object>
	<object>
		<name>63</name>
		<pose>Unspecified</pose>
		<truncated>0</truncated>
		<difficult>0</difficult>
		<bndbox>
			<xmin>220</xmin>
			<ymin>6</ymin>
			<xmax>282</xmax>
			<ymax>83</ymax>
		</bndbox>
	</object>
	<object>
		<name>11</name>
		<pose>Unspecified</pose>
		<truncated>0</truncated>
		<difficult>0</difficult>
		<bndbox>
			<xmin>270</xmin>
			<ymin>13</ymin>
			<xmax>327</xmax>
			<ymax>85</ymax>
		</bndbox>
	</object>
</annotation>