<annotation>
	<folder>my-project-name</folder>
	<filename>1132.bmp</filename>
	<path>/my-project-name/1132.bmp</path>
	<source>
		<database>Unspecified</database>
	</source>
	<size>
		<width>171</width>
		<height>83</height>
		<depth>3</depth>
	</size>
	<object>
		<name>63</name>
		<pose>Unspecified</pose>
		<truncated>0</truncated>
		<difficult>0</difficult>
		<bndbox>
			<xmin>6</xmin>
			<ymin>0</ymin>
			<xmax>57</xmax>
			<ymax>80</ymax>
		</bndbox>
	</object>
	<object>
		<name>41</name>
		<pose>Unspecified</pose>
		<truncated>0</truncated>
		<difficult>0</difficult>
		<bndbox>
			<xmin>41</xmin>
			<ymin>5</ymin>
			<xmax>151</xmax>
			<ymax>73</ymax>
		</bndbox>
	</object>
</annotation>