<annotation>
	<folder>my-project-name</folder>
	<filename>1133.bmp</filename>
	<path>/my-project-name/1133.bmp</path>
	<source>
		<database>Unspecified</database>
	</source>
	<size>
		<width>279</width>
		<height>76</height>
		<depth>3</depth>
	</size>
	<object>
		<name>31</name>
		<pose>Unspecified</pose>
		<truncated>0</truncated>
		<difficult>0</difficult>
		<bndbox>
			<xmin>13</xmin>
			<ymin>1</ymin>
			<xmax>72</xmax>
			<ymax>53</ymax>
		</bndbox>
	</object>
	<object>
		<name>66</name>
		<pose>Unspecified</pose>
		<truncated>0</truncated>
		<difficult>0</difficult>
		<bndbox>
			<xmin>7</xmin>
			<ymin>47</ymin>
			<xmax>85</xmax>
			<ymax>76</ymax>
		</bndbox>
	</object>
	<object>
		<name>11</name>
		<pose>Unspecified</pose>
		<truncated>0</truncated>
		<difficult>0</difficult>
		<bndbox>
			<xmin>78</xmin>
			<ymin>2</ymin>
			<xmax>140</xmax>
			<ymax>61</ymax>
		</bndbox>
	</object>
	<object>
		<name>60</name>
		<pose>Unspecified</pose>
		<truncated>0</truncated>
		<difficult>0</difficult>
		<bndbox>
			<xmin>142</xmin>
			<ymin>2</ymin>
			<xmax>164</xmax>
			<ymax>64</ymax>
		</bndbox>
	</object>
	<object>
		<name>39</name>
		<pose>Unspecified</pose>
		<truncated>0</truncated>
		<difficult>0</difficult>
		<bndbox>
			<xmin>155</xmin>
			<ymin>5</ymin>
			<xmax>271</xmax>
			<ymax>72</ymax>
		</bndbox>
	</object>
</annotation>