<annotation>
	<folder>my-project-name</folder>
	<filename>1134.bmp</filename>
	<path>/my-project-name/1134.bmp</path>
	<source>
		<database>Unspecified</database>
	</source>
	<size>
		<width>280</width>
		<height>68</height>
		<depth>3</depth>
	</size>
	<object>
		<name>1</name>
		<pose>Unspecified</pose>
		<truncated>0</truncated>
		<difficult>0</difficult>
		<bndbox>
			<xmin>8</xmin>
			<ymin>0</ymin>
			<xmax>92</xmax>
			<ymax>61</ymax>
		</bndbox>
	</object>
	<object>
		<name>60</name>
		<pose>Unspecified</pose>
		<truncated>0</truncated>
		<difficult>0</difficult>
		<bndbox>
			<xmin>89</xmin>
			<ymin>3</ymin>
			<xmax>117</xmax>
			<ymax>55</ymax>
		</bndbox>
	</object>
	<object>
		<name>13</name>
		<pose>Unspecified</pose>
		<truncated>0</truncated>
		<difficult>0</difficult>
		<bndbox>
			<xmin>110</xmin>
			<ymin>4</ymin>
			<xmax>169</xmax>
			<ymax>49</ymax>
		</bndbox>
	</object>
	<object>
		<name>66</name>
		<pose>Unspecified</pose>
		<truncated>0</truncated>
		<difficult>0</difficult>
		<bndbox>
			<xmin>111</xmin>
			<ymin>41</ymin>
			<xmax>176</xmax>
			<ymax>68</ymax>
		</bndbox>
	</object>
	<object>
		<name>42</name>
		<pose>Unspecified</pose>
		<truncated>0</truncated>
		<difficult>0</difficult>
		<bndbox>
			<xmin>174</xmin>
			<ymin>4</ymin>
			<xmax>272</xmax>
			<ymax>68</ymax>
		</bndbox>
	</object>
</annotation>