<annotation>
	<folder>my-project-name</folder>
	<filename>1135.bmp</filename>
	<path>/my-project-name/1135.bmp</path>
	<source>
		<database>Unspecified</database>
	</source>
	<size>
		<width>237</width>
		<height>102</height>
		<depth>3</depth>
	</size>
	<object>
		<name>61</name>
		<pose>Unspecified</pose>
		<truncated>0</truncated>
		<difficult>0</difficult>
		<bndbox>
			<xmin>4</xmin>
			<ymin>3</ymin>
			<xmax>98</xmax>
			<ymax>87</ymax>
		</bndbox>
	</object>
	<object>
		<name>26</name>
		<pose>Unspecified</pose>
		<truncated>0</truncated>
		<difficult>0</difficult>
		<bndbox>
			<xmin>47</xmin>
			<ymin>40</ymin>
			<xmax>120</xmax>
			<ymax>102</ymax>
		</bndbox>
	</object>
	<object>
		<name>74</name>
		<pose>Unspecified</pose>
		<truncated>0</truncated>
		<difficult>0</difficult>
		<bndbox>
			<xmin>119</xmin>
			<ymin>35</ymin>
			<xmax>233</xmax>
			<ymax>102</ymax>
		</bndbox>
	</object>
</annotation>