<annotation>
	<folder>my-project-name</folder>
	<filename>1138.bmp</filename>
	<path>/my-project-name/1138.bmp</path>
	<source>
		<database>Unspecified</database>
	</source>
	<size>
		<width>323</width>
		<height>84</height>
		<depth>3</depth>
	</size>
	<object>
		<name>33</name>
		<pose>Unspecified</pose>
		<truncated>0</truncated>
		<difficult>0</difficult>
		<bndbox>
			<xmin>6</xmin>
			<ymin>2</ymin>
			<xmax>61</xmax>
			<ymax>51</ymax>
		</bndbox>
	</object>
	<object>
		<name>67</name>
		<pose>Unspecified</pose>
		<truncated>0</truncated>
		<difficult>0</difficult>
		<bndbox>
			<xmin>26</xmin>
			<ymin>3</ymin>
			<xmax>88</xmax>
			<ymax>66</ymax>
		</bndbox>
	</object>
	<object>
		<name>60</name>
		<pose>Unspecified</pose>
		<truncated>0</truncated>
		<difficult>0</difficult>
		<bndbox>
			<xmin>91</xmin>
			<ymin>6</ymin>
			<xmax>120</xmax>
			<ymax>59</ymax>
		</bndbox>
	</object>
	<object>
		<name>31</name>
		<pose>Unspecified</pose>
		<truncated>0</truncated>
		<difficult>0</difficult>
		<bndbox>
			<xmin>120</xmin>
			<ymin>6</ymin>
			<xmax>191</xmax>
			<ymax>61</ymax>
		</bndbox>
	</object>
	<object>
		<name>60</name>
		<pose>Unspecified</pose>
		<truncated>0</truncated>
		<difficult>0</difficult>
		<bndbox>
			<xmin>192</xmin>
			<ymin>6</ymin>
			<xmax>218</xmax>
			<ymax>56</ymax>
		</bndbox>
	</object>
	<object>
		<name>63</name>
		<pose>Unspecified</pose>
		<truncated>0</truncated>
		<difficult>0</difficult>
		<bndbox>
			<xmin>222</xmin>
			<ymin>5</ymin>
			<xmax>283</xmax>
			<ymax>83</ymax>
		</bndbox>
	</object>
	<object>
		<name>37</name>
		<pose>Unspecified</pose>
		<truncated>0</truncated>
		<difficult>0</difficult>
		<bndbox>
			<xmin>264</xmin>
			<ymin>8</ymin>
			<xmax>315</xmax>
			<ymax>72</ymax>
		</bndbox>
	</object>
</annotation>