<annotation>
	<folder>my-project-name</folder>
	<filename>1139.bmp</filename>
	<path>/my-project-name/1139.bmp</path>
	<source>
		<database>Unspecified</database>
	</source>
	<size>
		<width>153</width>
		<height>72</height>
		<depth>3</depth>
	</size>
	<object>
		<name>26</name>
		<pose>Unspecified</pose>
		<truncated>0</truncated>
		<difficult>0</difficult>
		<bndbox>
			<xmin>8</xmin>
			<ymin>3</ymin>
			<xmax>67</xmax>
			<ymax>67</ymax>
		</bndbox>
	</object>
	<object>
		<name>60</name>
		<pose>Unspecified</pose>
		<truncated>0</truncated>
		<difficult>0</difficult>
		<bndbox>
			<xmin>71</xmin>
			<ymin>18</ymin>
			<xmax>102</xmax>
			<ymax>70</ymax>
		</bndbox>
	</object>
	<object>
		<name>33</name>
		<pose>Unspecified</pose>
		<truncated>0</truncated>
		<difficult>0</difficult>
		<bndbox>
			<xmin>102</xmin>
			<ymin>20</ymin>
			<xmax>147</xmax>
			<ymax>72</ymax>
		</bndbox>
	</object>
</annotation>