<annotation>
	<folder>my-project-name</folder>
	<filename>1140.bmp</filename>
	<path>/my-project-name/1140.bmp</path>
	<source>
		<database>Unspecified</database>
	</source>
	<size>
		<width>246</width>
		<height>66</height>
		<depth>3</depth>
	</size>
	<object>
		<name>1</name>
		<pose>Unspecified</pose>
		<truncated>0</truncated>
		<difficult>0</difficult>
		<bndbox>
			<xmin>1</xmin>
			<ymin>0</ymin>
			<xmax>97</xmax>
			<ymax>63</ymax>
		</bndbox>
	</object>
	<object>
		<name>60</name>
		<pose>Unspecified</pose>
		<truncated>0</truncated>
		<difficult>0</difficult>
		<bndbox>
			<xmin>88</xmin>
			<ymin>5</ymin>
			<xmax>120</xmax>
			<ymax>58</ymax>
		</bndbox>
	</object>
	<object>
		<name>61</name>
		<pose>Unspecified</pose>
		<truncated>0</truncated>
		<difficult>0</difficult>
		<bndbox>
			<xmin>122</xmin>
			<ymin>0</ymin>
			<xmax>179</xmax>
			<ymax>57</ymax>
		</bndbox>
	</object>
	<object>
		<name>35</name>
		<pose>Unspecified</pose>
		<truncated>0</truncated>
		<difficult>0</difficult>
		<bndbox>
			<xmin>149</xmin>
			<ymin>9</ymin>
			<xmax>229</xmax>
			<ymax>66</ymax>
		</bndbox>
	</object>
</annotation>