<annotation>
	<folder>my-project-name</folder>
	<filename>1141.bmp</filename>
	<path>/my-project-name/1141.bmp</path>
	<source>
		<database>Unspecified</database>
	</source>
	<size>
		<width>181</width>
		<height>61</height>
		<depth>3</depth>
	</size>
	<object>
		<name>36</name>
		<pose>Unspecified</pose>
		<truncated>0</truncated>
		<difficult>0</difficult>
		<bndbox>
			<xmin>8</xmin>
			<ymin>2</ymin>
			<xmax>61</xmax>
			<ymax>61</ymax>
		</bndbox>
	</object>
	<object>
		<name>60</name>
		<pose>Unspecified</pose>
		<truncated>0</truncated>
		<difficult>0</difficult>
		<bndbox>
			<xmin>65</xmin>
			<ymin>4</ymin>
			<xmax>90</xmax>
			<ymax>61</ymax>
		</bndbox>
	</object>
	<object>
		<name>36</name>
		<pose>Unspecified</pose>
		<truncated>0</truncated>
		<difficult>0</difficult>
		<bndbox>
			<xmin>85</xmin>
			<ymin>2</ymin>
			<xmax>145</xmax>
			<ymax>61</ymax>
		</bndbox>
	</object>
	<object>
		<name>92</name>
		<pose>Unspecified</pose>
		<truncated>0</truncated>
		<difficult>0</difficult>
		<bndbox>
			<xmin>147</xmin>
			<ymin>37</ymin>
			<xmax>167</xmax>
			<ymax>61</ymax>
		</bndbox>
	</object>
</annotation>