<annotation>
	<folder>my-project-name</folder>
	<filename>1142.bmp</filename>
	<path>/my-project-name/1142.bmp</path>
	<source>
		<database>Unspecified</database>
	</source>
	<size>
		<width>279</width>
		<height>70</height>
		<depth>3</depth>
	</size>
	<object>
		<name>7</name>
		<pose>Unspecified</pose>
		<truncated>0</truncated>
		<difficult>0</difficult>
		<bndbox>
			<xmin>7</xmin>
			<ymin>3</ymin>
			<xmax>69</xmax>
			<ymax>60</ymax>
		</bndbox>
	</object>
	<object>
		<name>11</name>
		<pose>Unspecified</pose>
		<truncated>0</truncated>
		<difficult>0</difficult>
		<bndbox>
			<xmin>68</xmin>
			<ymin>4</ymin>
			<xmax>141</xmax>
			<ymax>62</ymax>
		</bndbox>
	</object>
	<object>
		<name>61</name>
		<pose>Unspecified</pose>
		<truncated>0</truncated>
		<difficult>0</difficult>
		<bndbox>
			<xmin>138</xmin>
			<ymin>0</ymin>
			<xmax>174</xmax>
			<ymax>66</ymax>
		</bndbox>
	</object>
	<object>
		<name>28</name>
		<pose>Unspecified</pose>
		<truncated>0</truncated>
		<difficult>0</difficult>
		<bndbox>
			<xmin>161</xmin>
			<ymin>5</ymin>
			<xmax>215</xmax>
			<ymax>66</ymax>
		</bndbox>
	</object>
	<object>
		<name>30</name>
		<pose>Unspecified</pose>
		<truncated>0</truncated>
		<difficult>0</difficult>
		<bndbox>
			<xmin>208</xmin>
			<ymin>10</ymin>
			<xmax>274</xmax>
			<ymax>70</ymax>
		</bndbox>
	</object>
</annotation>