<annotation>
	<folder>my-project-name</folder>
	<filename>1143.bmp</filename>
	<path>/my-project-name/1143.bmp</path>
	<source>
		<database>Unspecified</database>
	</source>
	<size>
		<width>200</width>
		<height>73</height>
		<depth>3</depth>
	</size>
	<object>
		<name>39</name>
		<pose>Unspecified</pose>
		<truncated>0</truncated>
		<difficult>0</difficult>
		<bndbox>
			<xmin>23</xmin>
			<ymin>9</ymin>
			<xmax>89</xmax>
			<ymax>61</ymax>
		</bndbox>
	</object>
	<object>
		<name>90</name>
		<pose>Unspecified</pose>
		<truncated>0</truncated>
		<difficult>0</difficult>
		<bndbox>
			<xmin>6</xmin>
			<ymin>0</ymin>
			<xmax>117</xmax>
			<ymax>72</ymax>
		</bndbox>
	</object>
	<object>
		<name>30</name>
		<pose>Unspecified</pose>
		<truncated>0</truncated>
		<difficult>0</difficult>
		<bndbox>
			<xmin>117</xmin>
			<ymin>6</ymin>
			<xmax>171</xmax>
			<ymax>65</ymax>
		</bndbox>
	</object>
	<object>
		<name>60</name>
		<pose>Unspecified</pose>
		<truncated>0</truncated>
		<difficult>0</difficult>
		<bndbox>
			<xmin>170</xmin>
			<ymin>5</ymin>
			<xmax>193</xmax>
			<ymax>73</ymax>
		</bndbox>
	</object>
</annotation>