<annotation>
	<folder>my-project-name</folder>
	<filename>1144.bmp</filename>
	<path>/my-project-name/1144.bmp</path>
	<source>
		<database>Unspecified</database>
	</source>
	<size>
		<width>189</width>
		<height>91</height>
		<depth>3</depth>
	</size>
	<object>
		<name>7</name>
		<pose>Unspecified</pose>
		<truncated>0</truncated>
		<difficult>0</difficult>
		<bndbox>
			<xmin>8</xmin>
			<ymin>18</ymin>
			<xmax>83</xmax>
			<ymax>85</ymax>
		</bndbox>
	</object>
	<object>
		<name>2</name>
		<pose>Unspecified</pose>
		<truncated>0</truncated>
		<difficult>0</difficult>
		<bndbox>
			<xmin>77</xmin>
			<ymin>1</ymin>
			<xmax>163</xmax>
			<ymax>91</ymax>
		</bndbox>
	</object>
</annotation>