<annotation>
	<folder>my-project-name</folder>
	<filename>1146.bmp</filename>
	<path>/my-project-name/1146.bmp</path>
	<source>
		<database>Unspecified</database>
	</source>
	<size>
		<width>174</width>
		<height>92</height>
		<depth>3</depth>
	</size>
	<object>
		<name>28</name>
		<pose>Unspecified</pose>
		<truncated>0</truncated>
		<difficult>0</difficult>
		<bndbox>
			<xmin>6</xmin>
			<ymin>0</ymin>
			<xmax>48</xmax>
			<ymax>55</ymax>
		</bndbox>
	</object>
	<object>
		<name>87</name>
		<pose>Unspecified</pose>
		<truncated>0</truncated>
		<difficult>0</difficult>
		<bndbox>
			<xmin>5</xmin>
			<ymin>45</ymin>
			<xmax>59</xmax>
			<ymax>89</ymax>
		</bndbox>
	</object>
	<object>
		<name>37</name>
		<pose>Unspecified</pose>
		<truncated>0</truncated>
		<difficult>0</difficult>
		<bndbox>
			<xmin>50</xmin>
			<ymin>1</ymin>
			<xmax>100</xmax>
			<ymax>74</ymax>
		</bndbox>
	</object>
</annotation>