<annotation>
	<folder>my-project-name</folder>
	<filename>1147.bmp</filename>
	<path>/my-project-name/1147.bmp</path>
	<source>
		<database>Unspecified</database>
	</source>
	<size>
		<width>222</width>
		<height>78</height>
		<depth>3</depth>
	</size>
	<object>
		<name>42</name>
		<pose>Unspecified</pose>
		<truncated>0</truncated>
		<difficult>0</difficult>
		<bndbox>
			<xmin>8</xmin>
			<ymin>1</ymin>
			<xmax>80</xmax>
			<ymax>73</ymax>
		</bndbox>
	</object>
	<object>
		<name>63</name>
		<pose>Unspecified</pose>
		<truncated>0</truncated>
		<difficult>0</difficult>
		<bndbox>
			<xmin>74</xmin>
			<ymin>2</ymin>
			<xmax>115</xmax>
			<ymax>77</ymax>
		</bndbox>
	</object>
	<object>
		<name>26</name>
		<pose>Unspecified</pose>
		<truncated>0</truncated>
		<difficult>0</difficult>
		<bndbox>
			<xmin>110</xmin>
			<ymin>4</ymin>
			<xmax>202</xmax>
			<ymax>68</ymax>
		</bndbox>
	</object>
</annotation>