<annotation>
	<folder>my-project-name</folder>
	<filename>1148.bmp</filename>
	<path>/my-project-name/1148.bmp</path>
	<source>
		<database>Unspecified</database>
	</source>
	<size>
		<width>237</width>
		<height>95</height>
		<depth>3</depth>
	</size>
	<object>
		<name>73</name>
		<pose>Unspecified</pose>
		<truncated>0</truncated>
		<difficult>0</difficult>
		<bndbox>
			<xmin>6</xmin>
			<ymin>3</ymin>
			<xmax>77</xmax>
			<ymax>95</ymax>
		</bndbox>
	</object>
	<object>
		<name>84</name>
		<pose>Unspecified</pose>
		<truncated>0</truncated>
		<difficult>0</difficult>
		<bndbox>
			<xmin>80</xmin>
			<ymin>9</ymin>
			<xmax>224</xmax>
			<ymax>95</ymax>
		</bndbox>
	</object>
</annotation>