<annotation>
	<folder>my-project-name</folder>
	<filename>1149.bmp</filename>
	<path>/my-project-name/1149.bmp</path>
	<source>
		<database>Unspecified</database>
	</source>
	<size>
		<width>340</width>
		<height>120</height>
		<depth>3</depth>
	</size>
	<object>
		<name>41</name>
		<pose>Unspecified</pose>
		<truncated>0</truncated>
		<difficult>0</difficult>
		<bndbox>
			<xmin>0</xmin>
			<ymin>33</ymin>
			<xmax>79</xmax>
			<ymax>111</ymax>
		</bndbox>
	</object>
	<object>
		<name>60</name>
		<pose>Unspecified</pose>
		<truncated>0</truncated>
		<difficult>0</difficult>
		<bndbox>
			<xmin>79</xmin>
			<ymin>42</ymin>
			<xmax>119</xmax>
			<ymax>101</ymax>
		</bndbox>
	</object>
	<object>
		<name>2</name>
		<pose>Unspecified</pose>
		<truncated>0</truncated>
		<difficult>0</difficult>
		<bndbox>
			<xmin>91</xmin>
			<ymin>0</ymin>
			<xmax>167</xmax>
			<ymax>106</ymax>
		</bndbox>
	</object>
	<object>
		<name>63</name>
		<pose>Unspecified</pose>
		<truncated>0</truncated>
		<difficult>0</difficult>
		<bndbox>
			<xmin>168</xmin>
			<ymin>48</ymin>
			<xmax>223</xmax>
			<ymax>120</ymax>
		</bndbox>
	</object>
	<object>
		<name>32</name>
		<pose>Unspecified</pose>
		<truncated>0</truncated>
		<difficult>0</difficult>
		<bndbox>
			<xmin>207</xmin>
			<ymin>48</ymin>
			<xmax>278</xmax>
			<ymax>120</ymax>
		</bndbox>
	</object>
	<object>
		<name>37</name>
		<pose>Unspecified</pose>
		<truncated>0</truncated>
		<difficult>0</difficult>
		<bndbox>
			<xmin>270</xmin>
			<ymin>49</ymin>
			<xmax>335</xmax>
			<ymax>120</ymax>
		</bndbox>
	</object>
</annotation>