<annotation>
	<folder>my-project-name</folder>
	<filename>1150.bmp</filename>
	<path>/my-project-name/1150.bmp</path>
	<source>
		<database>Unspecified</database>
	</source>
	<size>
		<width>437</width>
		<height>79</height>
		<depth>3</depth>
	</size>
	<object>
		<name>37</name>
		<pose>Unspecified</pose>
		<truncated>0</truncated>
		<difficult>0</difficult>
		<bndbox>
			<xmin>2</xmin>
			<ymin>0</ymin>
			<xmax>67</xmax>
			<ymax>79</ymax>
		</bndbox>
	</object>
	<object>
		<name>60</name>
		<pose>Unspecified</pose>
		<truncated>0</truncated>
		<difficult>0</difficult>
		<bndbox>
			<xmin>58</xmin>
			<ymin>0</ymin>
			<xmax>93</xmax>
			<ymax>64</ymax>
		</bndbox>
	</object>
	<object>
		<name>61</name>
		<pose>Unspecified</pose>
		<truncated>0</truncated>
		<difficult>0</difficult>
		<bndbox>
			<xmin>88</xmin>
			<ymin>0</ymin>
			<xmax>126</xmax>
			<ymax>66</ymax>
		</bndbox>
	</object>
	<object>
		<name>26</name>
		<pose>Unspecified</pose>
		<truncated>0</truncated>
		<difficult>0</difficult>
		<bndbox>
			<xmin>124</xmin>
			<ymin>2</ymin>
			<xmax>176</xmax>
			<ymax>36</ymax>
		</bndbox>
	</object>
	<object>
		<name>66</name>
		<pose>Unspecified</pose>
		<truncated>0</truncated>
		<difficult>0</difficult>
		<bndbox>
			<xmin>116</xmin>
			<ymin>30</ymin>
			<xmax>173</xmax>
			<ymax>63</ymax>
		</bndbox>
	</object>
	<object>
		<name>63</name>
		<pose>Unspecified</pose>
		<truncated>0</truncated>
		<difficult>0</difficult>
		<bndbox>
			<xmin>184</xmin>
			<ymin>0</ymin>
			<xmax>225</xmax>
			<ymax>76</ymax>
		</bndbox>
	</object>
	<object>
		<name>33</name>
		<pose>Unspecified</pose>
		<truncated>0</truncated>
		<difficult>0</difficult>
		<bndbox>
			<xmin>212</xmin>
			<ymin>2</ymin>
			<xmax>266</xmax>
			<ymax>63</ymax>
		</bndbox>
	</object>
	<object>
		<name>38</name>
		<pose>Unspecified</pose>
		<truncated>0</truncated>
		<difficult>0</difficult>
		<bndbox>
			<xmin>267</xmin>
			<ymin>6</ymin>
			<xmax>336</xmax>
			<ymax>67</ymax>
		</bndbox>
	</object>
	<object>
		<name>60</name>
		<pose>Unspecified</pose>
		<truncated>0</truncated>
		<difficult>0</difficult>
		<bndbox>
			<xmin>325</xmin>
			<ymin>8</ymin>
			<xmax>363</xmax>
			<ymax>65</ymax>
		</bndbox>
	</object>
	<object>
		<name>45</name>
		<pose>Unspecified</pose>
		<truncated>0</truncated>
		<difficult>0</difficult>
		<bndbox>
			<xmin>359</xmin>
			<ymin>7</ymin>
			<xmax>433</xmax>
			<ymax>79</ymax>
		</bndbox>
	</object>
</annotation>