<annotation>
	<folder>my-project-name</folder>
	<filename>1151.bmp</filename>
	<path>/my-project-name/1151.bmp</path>
	<source>
		<database>Unspecified</database>
	</source>
	<size>
		<width>351</width>
		<height>76</height>
		<depth>3</depth>
	</size>
	<object>
		<name>31</name>
		<pose>Unspecified</pose>
		<truncated>0</truncated>
		<difficult>0</difficult>
		<bndbox>
			<xmin>17</xmin>
			<ymin>0</ymin>
			<xmax>75</xmax>
			<ymax>51</ymax>
		</bndbox>
	</object>
	<object>
		<name>66</name>
		<pose>Unspecified</pose>
		<truncated>0</truncated>
		<difficult>0</difficult>
		<bndbox>
			<xmin>5</xmin>
			<ymin>47</ymin>
			<xmax>77</xmax>
			<ymax>71</ymax>
		</bndbox>
	</object>
	<object>
		<name>60</name>
		<pose>Unspecified</pose>
		<truncated>0</truncated>
		<difficult>0</difficult>
		<bndbox>
			<xmin>76</xmin>
			<ymin>10</ymin>
			<xmax>104</xmax>
			<ymax>68</ymax>
		</bndbox>
	</object>
	<object>
		<name>26</name>
		<pose>Unspecified</pose>
		<truncated>0</truncated>
		<difficult>0</difficult>
		<bndbox>
			<xmin>95</xmin>
			<ymin>12</ymin>
			<xmax>155</xmax>
			<ymax>76</ymax>
		</bndbox>
	</object>
	<object>
		<name>61</name>
		<pose>Unspecified</pose>
		<truncated>0</truncated>
		<difficult>0</difficult>
		<bndbox>
			<xmin>159</xmin>
			<ymin>0</ymin>
			<xmax>211</xmax>
			<ymax>64</ymax>
		</bndbox>
	</object>
	<object>
		<name>28</name>
		<pose>Unspecified</pose>
		<truncated>0</truncated>
		<difficult>0</difficult>
		<bndbox>
			<xmin>182</xmin>
			<ymin>19</ymin>
			<xmax>222</xmax>
			<ymax>76</ymax>
		</bndbox>
	</object>
	<object>
		<name>30</name>
		<pose>Unspecified</pose>
		<truncated>0</truncated>
		<difficult>0</difficult>
		<bndbox>
			<xmin>228</xmin>
			<ymin>11</ymin>
			<xmax>344</xmax>
			<ymax>76</ymax>
		</bndbox>
	</object>
</annotation>