<annotation>
	<folder>my-project-name</folder>
	<filename>1153.bmp</filename>
	<path>/my-project-name/1153.bmp</path>
	<source>
		<database>Unspecified</database>
	</source>
	<size>
		<width>242</width>
		<height>96</height>
		<depth>3</depth>
	</size>
	<object>
		<name>60</name>
		<pose>Unspecified</pose>
		<truncated>0</truncated>
		<difficult>0</difficult>
		<bndbox>
			<xmin>3</xmin>
			<ymin>5</ymin>
			<xmax>35</xmax>
			<ymax>90</ymax>
		</bndbox>
	</object>
	<object>
		<name>37</name>
		<pose>Unspecified</pose>
		<truncated>0</truncated>
		<difficult>0</difficult>
		<bndbox>
			<xmin>79</xmin>
			<ymin>4</ymin>
			<xmax>145</xmax>
			<ymax>81</ymax>
		</bndbox>
	</object>
	<object>
		<name>90</name>
		<pose>Unspecified</pose>
		<truncated>0</truncated>
		<difficult>0</difficult>
		<bndbox>
			<xmin>41</xmin>
			<ymin>1</ymin>
			<xmax>238</xmax>
			<ymax>96</ymax>
		</bndbox>
	</object>
</annotation>