<annotation>
	<folder>my-project-name</folder>
	<filename>1154.bmp</filename>
	<path>/my-project-name/1154.bmp</path>
	<source>
		<database>Unspecified</database>
	</source>
	<size>
		<width>185</width>
		<height>83</height>
		<depth>3</depth>
	</size>
	<object>
		<name>41</name>
		<pose>Unspecified</pose>
		<truncated>0</truncated>
		<difficult>0</difficult>
		<bndbox>
			<xmin>7</xmin>
			<ymin>6</ymin>
			<xmax>124</xmax>
			<ymax>83</ymax>
		</bndbox>
	</object>
	<object>
		<name>33</name>
		<pose>Unspecified</pose>
		<truncated>0</truncated>
		<difficult>0</difficult>
		<bndbox>
			<xmin>125</xmin>
			<ymin>6</ymin>
			<xmax>181</xmax>
			<ymax>83</ymax>
		</bndbox>
	</object>
</annotation>