<annotation>
	<folder>my-project-name</folder>
	<filename>1156.bmp</filename>
	<path>/my-project-name/1156.bmp</path>
	<source>
		<database>Unspecified</database>
	</source>
	<size>
		<width>253</width>
		<height>80</height>
		<depth>3</depth>
	</size>
	<object>
		<name>11</name>
		<pose>Unspecified</pose>
		<truncated>0</truncated>
		<difficult>0</difficult>
		<bndbox>
			<xmin>2</xmin>
			<ymin>1</ymin>
			<xmax>119</xmax>
			<ymax>80</ymax>
		</bndbox>
	</object>
	<object>
		<name>82</name>
		<pose>Unspecified</pose>
		<truncated>0</truncated>
		<difficult>0</difficult>
		<bndbox>
			<xmin>118</xmin>
			<ymin>1</ymin>
			<xmax>243</xmax>
			<ymax>80</ymax>
		</bndbox>
	</object>
</annotation>