<annotation>
	<folder>my-project-name</folder>
	<filename>1157.bmp</filename>
	<path>/my-project-name/1157.bmp</path>
	<source>
		<database>Unspecified</database>
	</source>
	<size>
		<width>286</width>
		<height>168</height>
		<depth>3</depth>
	</size>
	<object>
		<name>64</name>
		<pose>Unspecified</pose>
		<truncated>0</truncated>
		<difficult>0</difficult>
		<bndbox>
			<xmin>1</xmin>
			<ymin>0</ymin>
			<xmax>96</xmax>
			<ymax>87</ymax>
		</bndbox>
	</object>
	<object>
		<name>11</name>
		<pose>Unspecified</pose>
		<truncated>0</truncated>
		<difficult>0</difficult>
		<bndbox>
			<xmin>78</xmin>
			<ymin>2</ymin>
			<xmax>172</xmax>
			<ymax>94</ymax>
		</bndbox>
	</object>
	<object>
		<name>69</name>
		<pose>Unspecified</pose>
		<truncated>0</truncated>
		<difficult>0</difficult>
		<bndbox>
			<xmin>140</xmin>
			<ymin>0</ymin>
			<xmax>279</xmax>
			<ymax>106</ymax>
		</bndbox>
	</object>
	<object>
		<name>86</name>
		<pose>Unspecified</pose>
		<truncated>0</truncated>
		<difficult>0</difficult>
		<bndbox>
			<xmin>161</xmin>
			<ymin>103</ymin>
			<xmax>280</xmax>
			<ymax>167</ymax>
		</bndbox>
	</object>
</annotation>