<annotation>
	<folder>my-project-name</folder>
	<filename>1158.bmp</filename>
	<path>/my-project-name/1158.bmp</path>
	<source>
		<database>Unspecified</database>
	</source>
	<size>
		<width>382</width>
		<height>142</height>
		<depth>3</depth>
	</size>
	<object>
		<name>60</name>
		<pose>Unspecified</pose>
		<truncated>0</truncated>
		<difficult>0</difficult>
		<bndbox>
			<xmin>4</xmin>
			<ymin>29</ymin>
			<xmax>45</xmax>
			<ymax>136</ymax>
		</bndbox>
	</object>
	<object>
		<name>2</name>
		<pose>Unspecified</pose>
		<truncated>0</truncated>
		<difficult>0</difficult>
		<bndbox>
			<xmin>36</xmin>
			<ymin>0</ymin>
			<xmax>136</xmax>
			<ymax>141</ymax>
		</bndbox>
	</object>
	<object>
		<name>63</name>
		<pose>Unspecified</pose>
		<truncated>0</truncated>
		<difficult>0</difficult>
		<bndbox>
			<xmin>120</xmin>
			<ymin>46</ymin>
			<xmax>191</xmax>
			<ymax>137</ymax>
		</bndbox>
	</object>
	<object>
		<name>11</name>
		<pose>Unspecified</pose>
		<truncated>0</truncated>
		<difficult>0</difficult>
		<bndbox>
			<xmin>156</xmin>
			<ymin>43</ymin>
			<xmax>238</xmax>
			<ymax>128</ymax>
		</bndbox>
	</object>
	<object>
		<name>2</name>
		<pose>Unspecified</pose>
		<truncated>0</truncated>
		<difficult>0</difficult>
		<bndbox>
			<xmin>228</xmin>
			<ymin>2</ymin>
			<xmax>374</xmax>
			<ymax>142</ymax>
		</bndbox>
	</object>
</annotation>