<annotation>
	<folder>my-project-name</folder>
	<filename>1159.bmp</filename>
	<path>/my-project-name/1159.bmp</path>
	<source>
		<database>Unspecified</database>
	</source>
	<size>
		<width>233</width>
		<height>137</height>
		<depth>3</depth>
	</size>
	<object>
		<name>18</name>
		<pose>Unspecified</pose>
		<truncated>0</truncated>
		<difficult>0</difficult>
		<bndbox>
			<xmin>3</xmin>
			<ymin>1</ymin>
			<xmax>124</xmax>
			<ymax>100</ymax>
		</bndbox>
	</object>
	<object>
		<name>30</name>
		<pose>Unspecified</pose>
		<truncated>0</truncated>
		<difficult>0</difficult>
		<bndbox>
			<xmin>125</xmin>
			<ymin>0</ymin>
			<xmax>195</xmax>
			<ymax>81</ymax>
		</bndbox>
	</object>
	<object>
		<name>67</name>
		<pose>Unspecified</pose>
		<truncated>0</truncated>
		<difficult>0</difficult>
		<bndbox>
			<xmin>158</xmin>
			<ymin>1</ymin>
			<xmax>229</xmax>
			<ymax>137</ymax>
		</bndbox>
	</object>
</annotation>