<annotation>
	<folder>my-project-name</folder>
	<filename>1160.bmp</filename>
	<path>/my-project-name/1160.bmp</path>
	<source>
		<database>Unspecified</database>
	</source>
	<size>
		<width>132</width>
		<height>78</height>
		<depth>3</depth>
	</size>
	<object>
		<name>60</name>
		<pose>Unspecified</pose>
		<truncated>0</truncated>
		<difficult>0</difficult>
		<bndbox>
			<xmin>1</xmin>
			<ymin>0</ymin>
			<xmax>32</xmax>
			<ymax>78</ymax>
		</bndbox>
	</object>
	<object>
		<name>37</name>
		<pose>Unspecified</pose>
		<truncated>0</truncated>
		<difficult>0</difficult>
		<bndbox>
			<xmin>30</xmin>
			<ymin>0</ymin>
			<xmax>124</xmax>
			<ymax>78</ymax>
		</bndbox>
	</object>
</annotation>