<annotation>
	<folder>my-project-name</folder>
	<filename>1161.bmp</filename>
	<path>/my-project-name/1161.bmp</path>
	<source>
		<database>Unspecified</database>
	</source>
	<size>
		<width>280</width>
		<height>89</height>
		<depth>3</depth>
	</size>
	<object>
		<name>11</name>
		<pose>Unspecified</pose>
		<truncated>0</truncated>
		<difficult>0</difficult>
		<bndbox>
			<xmin>8</xmin>
			<ymin>2</ymin>
			<xmax>131</xmax>
			<ymax>82</ymax>
		</bndbox>
	</object>
	<object>
		<name>12</name>
		<pose>Unspecified</pose>
		<truncated>0</truncated>
		<difficult>0</difficult>
		<bndbox>
			<xmin>132</xmin>
			<ymin>3</ymin>
			<xmax>218</xmax>
			<ymax>89</ymax>
		</bndbox>
	</object>
	<object>
		<name>64</name>
		<pose>Unspecified</pose>
		<truncated>0</truncated>
		<difficult>0</difficult>
		<bndbox>
			<xmin>222</xmin>
			<ymin>5</ymin>
			<xmax>280</xmax>
			<ymax>89</ymax>
		</bndbox>
	</object>
</annotation>