<annotation>
	<folder>my-project-name</folder>
	<filename>1162.bmp</filename>
	<path>/my-project-name/1162.bmp</path>
	<source>
		<database>Unspecified</database>
	</source>
	<size>
		<width>247</width>
		<height>76</height>
		<depth>3</depth>
	</size>
	<object>
		<name>1</name>
		<pose>Unspecified</pose>
		<truncated>0</truncated>
		<difficult>0</difficult>
		<bndbox>
			<xmin>0</xmin>
			<ymin>0</ymin>
			<xmax>120</xmax>
			<ymax>71</ymax>
		</bndbox>
	</object>
	<object>
		<name>60</name>
		<pose>Unspecified</pose>
		<truncated>0</truncated>
		<difficult>0</difficult>
		<bndbox>
			<xmin>122</xmin>
			<ymin>1</ymin>
			<xmax>153</xmax>
			<ymax>69</ymax>
		</bndbox>
	</object>
	<object>
		<name>35</name>
		<pose>Unspecified</pose>
		<truncated>0</truncated>
		<difficult>0</difficult>
		<bndbox>
			<xmin>156</xmin>
			<ymin>4</ymin>
			<xmax>242</xmax>
			<ymax>76</ymax>
		</bndbox>
	</object>
</annotation>