<annotation>
	<folder>my-project-name</folder>
	<filename>1163.bmp</filename>
	<path>/my-project-name/1163.bmp</path>
	<source>
		<database>Unspecified</database>
	</source>
	<size>
		<width>177</width>
		<height>119</height>
		<depth>3</depth>
	</size>
	<object>
		<name>25</name>
		<pose>Unspecified</pose>
		<truncated>0</truncated>
		<difficult>0</difficult>
		<bndbox>
			<xmin>5</xmin>
			<ymin>37</ymin>
			<xmax>68</xmax>
			<ymax>106</ymax>
		</bndbox>
	</object>
	<object>
		<name>90</name>
		<pose>Unspecified</pose>
		<truncated>0</truncated>
		<difficult>0</difficult>
		<bndbox>
			<xmin>0</xmin>
			<ymin>32</ymin>
			<xmax>101</xmax>
			<ymax>119</ymax>
		</bndbox>
	</object>
	<object>
		<name>2</name>
		<pose>Unspecified</pose>
		<truncated>0</truncated>
		<difficult>0</difficult>
		<bndbox>
			<xmin>93</xmin>
			<ymin>2</ymin>
			<xmax>171</xmax>
			<ymax>119</ymax>
		</bndbox>
	</object>
</annotation>