<annotation>
	<folder>my-project-name</folder>
	<filename>1164.bmp</filename>
	<path>/my-project-name/1164.bmp</path>
	<source>
		<database>Unspecified</database>
	</source>
	<size>
		<width>279</width>
		<height>115</height>
		<depth>3</depth>
	</size>
	<object>
		<name>16</name>
		<pose>Unspecified</pose>
		<truncated>0</truncated>
		<difficult>0</difficult>
		<bndbox>
			<xmin>4</xmin>
			<ymin>23</ymin>
			<xmax>99</xmax>
			<ymax>115</ymax>
		</bndbox>
	</object>
	<object>
		<name>60</name>
		<pose>Unspecified</pose>
		<truncated>0</truncated>
		<difficult>0</difficult>
		<bndbox>
			<xmin>87</xmin>
			<ymin>30</ymin>
			<xmax>129</xmax>
			<ymax>115</ymax>
		</bndbox>
	</object>
	<object>
		<name>2</name>
		<pose>Unspecified</pose>
		<truncated>0</truncated>
		<difficult>0</difficult>
		<bndbox>
			<xmin>115</xmin>
			<ymin>3</ymin>
			<xmax>249</xmax>
			<ymax>115</ymax>
		</bndbox>
	</object>
	<object>
		<name>92</name>
		<pose>Unspecified</pose>
		<truncated>0</truncated>
		<difficult>0</difficult>
		<bndbox>
			<xmin>251</xmin>
			<ymin>27</ymin>
			<xmax>273</xmax>
			<ymax>78</ymax>
		</bndbox>
	</object>
</annotation>