<annotation>
	<folder>my-project-name</folder>
	<filename>1165.bmp</filename>
	<path>/my-project-name/1165.bmp</path>
	<source>
		<database>Unspecified</database>
	</source>
	<size>
		<width>238</width>
		<height>139</height>
		<depth>3</depth>
	</size>
	<object>
		<name>63</name>
		<pose>Unspecified</pose>
		<truncated>0</truncated>
		<difficult>0</difficult>
		<bndbox>
			<xmin>6</xmin>
			<ymin>48</ymin>
			<xmax>77</xmax>
			<ymax>135</ymax>
		</bndbox>
	</object>
	<object>
		<name>11</name>
		<pose>Unspecified</pose>
		<truncated>0</truncated>
		<difficult>0</difficult>
		<bndbox>
			<xmin>34</xmin>
			<ymin>44</ymin>
			<xmax>119</xmax>
			<ymax>115</ymax>
		</bndbox>
	</object>
	<object>
		<name>4</name>
		<pose>Unspecified</pose>
		<truncated>0</truncated>
		<difficult>0</difficult>
		<bndbox>
			<xmin>110</xmin>
			<ymin>3</ymin>
			<xmax>228</xmax>
			<ymax>119</ymax>
		</bndbox>
	</object>
</annotation>