<annotation>
	<folder>my-project-name</folder>
	<filename>1167.bmp</filename>
	<path>/my-project-name/1167.bmp</path>
	<source>
		<database>Unspecified</database>
	</source>
	<size>
		<width>116</width>
		<height>82</height>
		<depth>3</depth>
	</size>
	<object>
		<name>16</name>
		<pose>Unspecified</pose>
		<truncated>0</truncated>
		<difficult>0</difficult>
		<bndbox>
			<xmin>4</xmin>
			<ymin>1</ymin>
			<xmax>49</xmax>
			<ymax>67</ymax>
		</bndbox>
	</object>
	<object>
		<name>46</name>
		<pose>Unspecified</pose>
		<truncated>0</truncated>
		<difficult>0</difficult>
		<bndbox>
			<xmin>56</xmin>
			<ymin>1</ymin>
			<xmax>113</xmax>
			<ymax>81</ymax>
		</bndbox>
	</object>
</annotation>