<annotation>
	<folder>my-project-name</folder>
	<filename>1168.bmp</filename>
	<path>/my-project-name/1168.bmp</path>
	<source>
		<database>Unspecified</database>
	</source>
	<size>
		<width>329</width>
		<height>70</height>
		<depth>3</depth>
	</size>
	<object>
		<name>11</name>
		<pose>Unspecified</pose>
		<truncated>0</truncated>
		<difficult>0</difficult>
		<bndbox>
			<xmin>5</xmin>
			<ymin>1</ymin>
			<xmax>140</xmax>
			<ymax>70</ymax>
		</bndbox>
	</object>
	<object>
		<name>33</name>
		<pose>Unspecified</pose>
		<truncated>0</truncated>
		<difficult>0</difficult>
		<bndbox>
			<xmin>132</xmin>
			<ymin>1</ymin>
			<xmax>205</xmax>
			<ymax>70</ymax>
		</bndbox>
	</object>
	<object>
		<name>60</name>
		<pose>Unspecified</pose>
		<truncated>0</truncated>
		<difficult>0</difficult>
		<bndbox>
			<xmin>206</xmin>
			<ymin>2</ymin>
			<xmax>320</xmax>
			<ymax>70</ymax>
		</bndbox>
	</object>
</annotation>