<annotation>
	<folder>my-project-name</folder>
	<filename>1169.bmp</filename>
	<path>/my-project-name/1169.bmp</path>
	<source>
		<database>Unspecified</database>
	</source>
	<size>
		<width>324</width>
		<height>77</height>
		<depth>3</depth>
	</size>
	<object>
		<name>60</name>
		<pose>Unspecified</pose>
		<truncated>0</truncated>
		<difficult>0</difficult>
		<bndbox>
			<xmin>4</xmin>
			<ymin>0</ymin>
			<xmax>67</xmax>
			<ymax>74</ymax>
		</bndbox>
	</object>
	<object>
		<name>11</name>
		<pose>Unspecified</pose>
		<truncated>0</truncated>
		<difficult>0</difficult>
		<bndbox>
			<xmin>56</xmin>
			<ymin>1</ymin>
			<xmax>147</xmax>
			<ymax>75</ymax>
		</bndbox>
	</object>
	<object>
		<name>30</name>
		<pose>Unspecified</pose>
		<truncated>0</truncated>
		<difficult>0</difficult>
		<bndbox>
			<xmin>150</xmin>
			<ymin>1</ymin>
			<xmax>229</xmax>
			<ymax>75</ymax>
		</bndbox>
	</object>
	<object>
		<name>60</name>
		<pose>Unspecified</pose>
		<truncated>0</truncated>
		<difficult>0</difficult>
		<bndbox>
			<xmin>231</xmin>
			<ymin>4</ymin>
			<xmax>321</xmax>
			<ymax>77</ymax>
		</bndbox>
	</object>
</annotation>