<annotation>
	<folder>my-project-name</folder>
	<filename>1170.bmp</filename>
	<path>/my-project-name/1170.bmp</path>
	<source>
		<database>Unspecified</database>
	</source>
	<size>
		<width>216</width>
		<height>68</height>
		<depth>3</depth>
	</size>
	<object>
		<name>11</name>
		<pose>Unspecified</pose>
		<truncated>0</truncated>
		<difficult>0</difficult>
		<bndbox>
			<xmin>6</xmin>
			<ymin>2</ymin>
			<xmax>118</xmax>
			<ymax>68</ymax>
		</bndbox>
	</object>
	<object>
		<name>37</name>
		<pose>Unspecified</pose>
		<truncated>0</truncated>
		<difficult>0</difficult>
		<bndbox>
			<xmin>105</xmin>
			<ymin>2</ymin>
			<xmax>169</xmax>
			<ymax>68</ymax>
		</bndbox>
	</object>
	<object>
		<name>60</name>
		<pose>Unspecified</pose>
		<truncated>0</truncated>
		<difficult>0</difficult>
		<bndbox>
			<xmin>171</xmin>
			<ymin>1</ymin>
			<xmax>216</xmax>
			<ymax>68</ymax>
		</bndbox>
	</object>
</annotation>