<annotation>
	<folder>my-project-name</folder>
	<filename>1171.bmp</filename>
	<path>/my-project-name/1171.bmp</path>
	<source>
		<database>Unspecified</database>
	</source>
	<size>
		<width>177</width>
		<height>101</height>
		<depth>3</depth>
	</size>
	<object>
		<name>4</name>
		<pose>Unspecified</pose>
		<truncated>0</truncated>
		<difficult>0</difficult>
		<bndbox>
			<xmin>0</xmin>
			<ymin>2</ymin>
			<xmax>83</xmax>
			<ymax>101</ymax>
		</bndbox>
	</object>
	<object>
		<name>61</name>
		<pose>Unspecified</pose>
		<truncated>0</truncated>
		<difficult>0</difficult>
		<bndbox>
			<xmin>87</xmin>
			<ymin>1</ymin>
			<xmax>170</xmax>
			<ymax>95</ymax>
		</bndbox>
	</object>
	<object>
		<name>16</name>
		<pose>Unspecified</pose>
		<truncated>0</truncated>
		<difficult>0</difficult>
		<bndbox>
			<xmin>118</xmin>
			<ymin>37</ymin>
			<xmax>175</xmax>
			<ymax>101</ymax>
		</bndbox>
	</object>
</annotation>