<annotation>
	<folder>my-project-name</folder>
	<filename>1172.bmp</filename>
	<path>/my-project-name/1172.bmp</path>
	<source>
		<database>Unspecified</database>
	</source>
	<size>
		<width>362</width>
		<height>104</height>
		<depth>3</depth>
	</size>
	<object>
		<name>1</name>
		<pose>Unspecified</pose>
		<truncated>0</truncated>
		<difficult>0</difficult>
		<bndbox>
			<xmin>3</xmin>
			<ymin>18</ymin>
			<xmax>129</xmax>
			<ymax>104</ymax>
		</bndbox>
	</object>
	<object>
		<name>60</name>
		<pose>Unspecified</pose>
		<truncated>0</truncated>
		<difficult>0</difficult>
		<bndbox>
			<xmin>123</xmin>
			<ymin>24</ymin>
			<xmax>153</xmax>
			<ymax>104</ymax>
		</bndbox>
	</object>
	<object>
		<name>61</name>
		<pose>Unspecified</pose>
		<truncated>0</truncated>
		<difficult>0</difficult>
		<bndbox>
			<xmin>169</xmin>
			<ymin>1</ymin>
			<xmax>250</xmax>
			<ymax>100</ymax>
		</bndbox>
	</object>
	<object>
		<name>35</name>
		<pose>Unspecified</pose>
		<truncated>0</truncated>
		<difficult>0</difficult>
		<bndbox>
			<xmin>194</xmin>
			<ymin>27</ymin>
			<xmax>355</xmax>
			<ymax>104</ymax>
		</bndbox>
	</object>
</annotation>