<annotation>
	<folder>my-project-name</folder>
	<filename>1173.bmp</filename>
	<path>/my-project-name/1173.bmp</path>
	<source>
		<database>Unspecified</database>
	</source>
	<size>
		<width>241</width>
		<height>119</height>
		<depth>3</depth>
	</size>
	<object>
		<name>26</name>
		<pose>Unspecified</pose>
		<truncated>0</truncated>
		<difficult>0</difficult>
		<bndbox>
			<xmin>21</xmin>
			<ymin>31</ymin>
			<xmax>122</xmax>
			<ymax>105</ymax>
		</bndbox>
	</object>
	<object>
		<name>60</name>
		<pose>Unspecified</pose>
		<truncated>0</truncated>
		<difficult>0</difficult>
		<bndbox>
			<xmin>117</xmin>
			<ymin>24</ymin>
			<xmax>149</xmax>
			<ymax>117</ymax>
		</bndbox>
	</object>
	<object>
		<name>2</name>
		<pose>Unspecified</pose>
		<truncated>0</truncated>
		<difficult>0</difficult>
		<bndbox>
			<xmin>159</xmin>
			<ymin>2</ymin>
			<xmax>238</xmax>
			<ymax>119</ymax>
		</bndbox>
	</object>
</annotation>