<annotation>
	<folder>my-project-name</folder>
	<filename>1174.bmp</filename>
	<path>/my-project-name/1174.bmp</path>
	<source>
		<database>Unspecified</database>
	</source>
	<size>
		<width>193</width>
		<height>72</height>
		<depth>3</depth>
	</size>
	<object>
		<name>30</name>
		<pose>Unspecified</pose>
		<truncated>0</truncated>
		<difficult>0</difficult>
		<bndbox>
			<xmin>7</xmin>
			<ymin>4</ymin>
			<xmax>108</xmax>
			<ymax>63</ymax>
		</bndbox>
	</object>
	<object>
		<name>60</name>
		<pose>Unspecified</pose>
		<truncated>0</truncated>
		<difficult>0</difficult>
		<bndbox>
			<xmin>110</xmin>
			<ymin>1</ymin>
			<xmax>183</xmax>
			<ymax>70</ymax>
		</bndbox>
	</object>
</annotation>