<annotation>
	<folder>my-project-name</folder>
	<filename>1175.bmp</filename>
	<path>/my-project-name/1175.bmp</path>
	<source>
		<database>Unspecified</database>
	</source>
	<size>
		<width>374</width>
		<height>79</height>
		<depth>3</depth>
	</size>
	<object>
		<name>1</name>
		<pose>Unspecified</pose>
		<truncated>0</truncated>
		<difficult>0</difficult>
		<bndbox>
			<xmin>8</xmin>
			<ymin>4</ymin>
			<xmax>134</xmax>
			<ymax>79</ymax>
		</bndbox>
	</object>
	<object>
		<name>60</name>
		<pose>Unspecified</pose>
		<truncated>0</truncated>
		<difficult>0</difficult>
		<bndbox>
			<xmin>135</xmin>
			<ymin>4</ymin>
			<xmax>164</xmax>
			<ymax>75</ymax>
		</bndbox>
	</object>
	<object>
		<name>35</name>
		<pose>Unspecified</pose>
		<truncated>0</truncated>
		<difficult>0</difficult>
		<bndbox>
			<xmin>158</xmin>
			<ymin>2</ymin>
			<xmax>235</xmax>
			<ymax>79</ymax>
		</bndbox>
	</object>
	<object>
		<name>60</name>
		<pose>Unspecified</pose>
		<truncated>0</truncated>
		<difficult>0</difficult>
		<bndbox>
			<xmin>237</xmin>
			<ymin>0</ymin>
			<xmax>265</xmax>
			<ymax>79</ymax>
		</bndbox>
	</object>
	<object>
		<name>37</name>
		<pose>Unspecified</pose>
		<truncated>0</truncated>
		<difficult>0</difficult>
		<bndbox>
			<xmin>265</xmin>
			<ymin>1</ymin>
			<xmax>360</xmax>
			<ymax>79</ymax>
		</bndbox>
	</object>
</annotation>