<annotation>
	<folder>my-project-name</folder>
	<filename>1177.bmp</filename>
	<path>/my-project-name/1177.bmp</path>
	<source>
		<database>Unspecified</database>
	</source>
	<size>
		<width>199</width>
		<height>73</height>
		<depth>3</depth>
	</size>
	<object>
		<name>36</name>
		<pose>Unspecified</pose>
		<truncated>0</truncated>
		<difficult>0</difficult>
		<bndbox>
			<xmin>0</xmin>
			<ymin>2</ymin>
			<xmax>88</xmax>
			<ymax>73</ymax>
		</bndbox>
	</object>
	<object>
		<name>60</name>
		<pose>Unspecified</pose>
		<truncated>0</truncated>
		<difficult>0</difficult>
		<bndbox>
			<xmin>99</xmin>
			<ymin>2</ymin>
			<xmax>186</xmax>
			<ymax>73</ymax>
		</bndbox>
	</object>
</annotation>