<annotation>
	<folder>my-project-name</folder>
	<filename>1178.bmp</filename>
	<path>/my-project-name/1178.bmp</path>
	<source>
		<database>Unspecified</database>
	</source>
	<size>
		<width>241</width>
		<height>112</height>
		<depth>3</depth>
	</size>
	<object>
		<name>4</name>
		<pose>Unspecified</pose>
		<truncated>0</truncated>
		<difficult>0</difficult>
		<bndbox>
			<xmin>9</xmin>
			<ymin>1</ymin>
			<xmax>90</xmax>
			<ymax>101</ymax>
		</bndbox>
	</object>
	<object>
		<name>61</name>
		<pose>Unspecified</pose>
		<truncated>0</truncated>
		<difficult>0</difficult>
		<bndbox>
			<xmin>101</xmin>
			<ymin>1</ymin>
			<xmax>167</xmax>
			<ymax>98</ymax>
		</bndbox>
	</object>
	<object>
		<name>16</name>
		<pose>Unspecified</pose>
		<truncated>0</truncated>
		<difficult>0</difficult>
		<bndbox>
			<xmin>123</xmin>
			<ymin>35</ymin>
			<xmax>171</xmax>
			<ymax>97</ymax>
		</bndbox>
	</object>
	<object>
		<name>46</name>
		<pose>Unspecified</pose>
		<truncated>0</truncated>
		<difficult>0</difficult>
		<bndbox>
			<xmin>163</xmin>
			<ymin>34</ymin>
			<xmax>235</xmax>
			<ymax>110</ymax>
		</bndbox>
	</object>
</annotation>