<annotation>
	<folder>my-project-name</folder>
	<filename>1179.bmp</filename>
	<path>/my-project-name/1179.bmp</path>
	<source>
		<database>Unspecified</database>
	</source>
	<size>
		<width>148</width>
		<height>122</height>
		<depth>3</depth>
	</size>
	<object>
		<name>11</name>
		<pose>Unspecified</pose>
		<truncated>0</truncated>
		<difficult>0</difficult>
		<bndbox>
			<xmin>10</xmin>
			<ymin>50</ymin>
			<xmax>116</xmax>
			<ymax>122</ymax>
		</bndbox>
	</object>
	<object>
		<name>62</name>
		<pose>Unspecified</pose>
		<truncated>0</truncated>
		<difficult>0</difficult>
		<bndbox>
			<xmin>79</xmin>
			<ymin>1</ymin>
			<xmax>146</xmax>
			<ymax>121</ymax>
		</bndbox>
	</object>
</annotation>