<annotation>
	<folder>my-project-name</folder>
	<filename>1182.bmp</filename>
	<path>/my-project-name/1182.bmp</path>
	<source>
		<database>Unspecified</database>
	</source>
	<size>
		<width>162</width>
		<height>81</height>
		<depth>3</depth>
	</size>
	<object>
		<name>60</name>
		<pose>Unspecified</pose>
		<truncated>0</truncated>
		<difficult>0</difficult>
		<bndbox>
			<xmin>1</xmin>
			<ymin>2</ymin>
			<xmax>33</xmax>
			<ymax>81</ymax>
		</bndbox>
	</object>
	<object>
		<name>45</name>
		<pose>Unspecified</pose>
		<truncated>0</truncated>
		<difficult>0</difficult>
		<bndbox>
			<xmin>34</xmin>
			<ymin>2</ymin>
			<xmax>151</xmax>
			<ymax>81</ymax>
		</bndbox>
	</object>
</annotation>