<annotation>
	<folder>my-project-name</folder>
	<filename>1183.bmp</filename>
	<path>/my-project-name/1183.bmp</path>
	<source>
		<database>Unspecified</database>
	</source>
	<size>
		<width>191</width>
		<height>90</height>
		<depth>3</depth>
	</size>
	<object>
		<name>1</name>
		<pose>Unspecified</pose>
		<truncated>0</truncated>
		<difficult>0</difficult>
		<bndbox>
			<xmin>5</xmin>
			<ymin>2</ymin>
			<xmax>121</xmax>
			<ymax>81</ymax>
		</bndbox>
	</object>
	<object>
		<name>63</name>
		<pose>Unspecified</pose>
		<truncated>0</truncated>
		<difficult>0</difficult>
		<bndbox>
			<xmin>126</xmin>
			<ymin>7</ymin>
			<xmax>180</xmax>
			<ymax>90</ymax>
		</bndbox>
	</object>
	<object>
		<name>64</name>
		<pose>Unspecified</pose>
		<truncated>0</truncated>
		<difficult>0</difficult>
		<bndbox>
			<xmin>157</xmin>
			<ymin>33</ymin>
			<xmax>191</xmax>
			<ymax>71</ymax>
		</bndbox>
	</object>
</annotation>