<annotation>
	<folder>my-project-name</folder>
	<filename>1184.bmp</filename>
	<path>/my-project-name/1184.bmp</path>
	<source>
		<database>Unspecified</database>
	</source>
	<size>
		<width>259</width>
		<height>115</height>
		<depth>3</depth>
	</size>
	<object>
		<name>18</name>
		<pose>Unspecified</pose>
		<truncated>0</truncated>
		<difficult>0</difficult>
		<bndbox>
			<xmin>1</xmin>
			<ymin>28</ymin>
			<xmax>134</xmax>
			<ymax>115</ymax>
		</bndbox>
	</object>
	<object>
		<name>60</name>
		<pose>Unspecified</pose>
		<truncated>0</truncated>
		<difficult>0</difficult>
		<bndbox>
			<xmin>138</xmin>
			<ymin>33</ymin>
			<xmax>165</xmax>
			<ymax>108</ymax>
		</bndbox>
	</object>
	<object>
		<name>61</name>
		<pose>Unspecified</pose>
		<truncated>0</truncated>
		<difficult>0</difficult>
		<bndbox>
			<xmin>179</xmin>
			<ymin>1</ymin>
			<xmax>254</xmax>
			<ymax>103</ymax>
		</bndbox>
	</object>
	<object>
		<name>30</name>
		<pose>Unspecified</pose>
		<truncated>0</truncated>
		<difficult>0</difficult>
		<bndbox>
			<xmin>214</xmin>
			<ymin>30</ymin>
			<xmax>259</xmax>
			<ymax>104</ymax>
		</bndbox>
	</object>
</annotation>