<annotation>
	<folder>my-project-name</folder>
	<filename>1185.bmp</filename>
	<path>/my-project-name/1185.bmp</path>
	<source>
		<database>Unspecified</database>
	</source>
	<size>
		<width>280</width>
		<height>154</height>
		<depth>3</depth>
	</size>
	<object>
		<name>34</name>
		<pose>Unspecified</pose>
		<truncated>0</truncated>
		<difficult>0</difficult>
		<bndbox>
			<xmin>11</xmin>
			<ymin>38</ymin>
			<xmax>98</xmax>
			<ymax>103</ymax>
		</bndbox>
	</object>
	<object>
		<name>86</name>
		<pose>Unspecified</pose>
		<truncated>0</truncated>
		<difficult>0</difficult>
		<bndbox>
			<xmin>21</xmin>
			<ymin>98</ymin>
			<xmax>113</xmax>
			<ymax>154</ymax>
		</bndbox>
	</object>
	<object>
		<name>13</name>
		<pose>Unspecified</pose>
		<truncated>0</truncated>
		<difficult>0</difficult>
		<bndbox>
			<xmin>103</xmin>
			<ymin>33</ymin>
			<xmax>185</xmax>
			<ymax>114</ymax>
		</bndbox>
	</object>
	<object>
		<name>61</name>
		<pose>Unspecified</pose>
		<truncated>0</truncated>
		<difficult>0</difficult>
		<bndbox>
			<xmin>192</xmin>
			<ymin>0</ymin>
			<xmax>271</xmax>
			<ymax>109</ymax>
		</bndbox>
	</object>
	<object>
		<name>17</name>
		<pose>Unspecified</pose>
		<truncated>0</truncated>
		<difficult>0</difficult>
		<bndbox>
			<xmin>219</xmin>
			<ymin>43</ymin>
			<xmax>280</xmax>
			<ymax>123</ymax>
		</bndbox>
	</object>
</annotation>