<annotation>
	<folder>my-project-name</folder>
	<filename>1186.bmp</filename>
	<path>/my-project-name/1186.bmp</path>
	<source>
		<database>Unspecified</database>
	</source>
	<size>
		<width>592</width>
		<height>150</height>
		<depth>3</depth>
	</size>
	<object>
		<name>61</name>
		<pose>Unspecified</pose>
		<truncated>0</truncated>
		<difficult>0</difficult>
		<bndbox>
			<xmin>5</xmin>
			<ymin>10</ymin>
			<xmax>102</xmax>
			<ymax>115</ymax>
		</bndbox>
	</object>
	<object>
		<name>41</name>
		<pose>Unspecified</pose>
		<truncated>0</truncated>
		<difficult>0</difficult>
		<bndbox>
			<xmin>36</xmin>
			<ymin>42</ymin>
			<xmax>134</xmax>
			<ymax>138</ymax>
		</bndbox>
	</object>
	<object>
		<name>78</name>
		<pose>Unspecified</pose>
		<truncated>0</truncated>
		<difficult>0</difficult>
		<bndbox>
			<xmin>135</xmin>
			<ymin>48</ymin>
			<xmax>229</xmax>
			<ymax>150</ymax>
		</bndbox>
	</object>
	<object>
		<name>60</name>
		<pose>Unspecified</pose>
		<truncated>0</truncated>
		<difficult>0</difficult>
		<bndbox>
			<xmin>225</xmin>
			<ymin>45</ymin>
			<xmax>261</xmax>
			<ymax>136</ymax>
		</bndbox>
	</object>
	<object>
		<name>69</name>
		<pose>Unspecified</pose>
		<truncated>0</truncated>
		<difficult>0</difficult>
		<bndbox>
			<xmin>267</xmin>
			<ymin>44</ymin>
			<xmax>355</xmax>
			<ymax>150</ymax>
		</bndbox>
	</object>
	<object>
		<name>42</name>
		<pose>Unspecified</pose>
		<truncated>0</truncated>
		<difficult>0</difficult>
		<bndbox>
			<xmin>355</xmin>
			<ymin>49</ymin>
			<xmax>422</xmax>
			<ymax>143</ymax>
		</bndbox>
	</object>
	<object>
		<name>62</name>
		<pose>Unspecified</pose>
		<truncated>0</truncated>
		<difficult>0</difficult>
		<bndbox>
			<xmin>371</xmin>
			<ymin>0</ymin>
			<xmax>455</xmax>
			<ymax>128</ymax>
		</bndbox>
	</object>
	<object>
		<name>30</name>
		<pose>Unspecified</pose>
		<truncated>0</truncated>
		<difficult>0</difficult>
		<bndbox>
			<xmin>449</xmin>
			<ymin>44</ymin>
			<xmax>519</xmax>
			<ymax>127</ymax>
		</bndbox>
	</object>
	<object>
		<name>26</name>
		<pose>Unspecified</pose>
		<truncated>0</truncated>
		<difficult>0</difficult>
		<bndbox>
			<xmin>508</xmin>
			<ymin>49</ymin>
			<xmax>586</xmax>
			<ymax>133</ymax>
		</bndbox>
	</object>
</annotation>