<annotation>
	<folder>my-project-name</folder>
	<filename>1188.bmp</filename>
	<path>/my-project-name/1188.bmp</path>
	<source>
		<database>Unspecified</database>
	</source>
	<size>
		<width>178</width>
		<height>75</height>
		<depth>3</depth>
	</size>
	<object>
		<name>30</name>
		<pose>Unspecified</pose>
		<truncated>0</truncated>
		<difficult>0</difficult>
		<bndbox>
			<xmin>9</xmin>
			<ymin>0</ymin>
			<xmax>97</xmax>
			<ymax>70</ymax>
		</bndbox>
	</object>
	<object>
		<name>60</name>
		<pose>Unspecified</pose>
		<truncated>0</truncated>
		<difficult>0</difficult>
		<bndbox>
			<xmin>97</xmin>
			<ymin>3</ymin>
			<xmax>168</xmax>
			<ymax>75</ymax>
		</bndbox>
	</object>
</annotation>