<annotation>
	<folder>my-project-name</folder>
	<filename>1189.bmp</filename>
	<path>/my-project-name/1189.bmp</path>
	<source>
		<database>Unspecified</database>
	</source>
	<size>
		<width>290</width>
		<height>106</height>
		<depth>3</depth>
	</size>
	<object>
		<name>64</name>
		<pose>Unspecified</pose>
		<truncated>0</truncated>
		<difficult>0</difficult>
		<bndbox>
			<xmin>13</xmin>
			<ymin>2</ymin>
			<xmax>94</xmax>
			<ymax>65</ymax>
		</bndbox>
	</object>
	<object>
		<name>72</name>
		<pose>Unspecified</pose>
		<truncated>0</truncated>
		<difficult>0</difficult>
		<bndbox>
			<xmin>94</xmin>
			<ymin>1</ymin>
			<xmax>209</xmax>
			<ymax>103</ymax>
		</bndbox>
	</object>
	<object>
		<name>37</name>
		<pose>Unspecified</pose>
		<truncated>0</truncated>
		<difficult>0</difficult>
		<bndbox>
			<xmin>189</xmin>
			<ymin>2</ymin>
			<xmax>280</xmax>
			<ymax>87</ymax>
		</bndbox>
	</object>
</annotation>