<annotation>
	<folder>my-project-name</folder>
	<filename>1190.bmp</filename>
	<path>/my-project-name/1190.bmp</path>
	<source>
		<database>Unspecified</database>
	</source>
	<size>
		<width>366</width>
		<height>104</height>
		<depth>3</depth>
	</size>
	<object>
		<name>16</name>
		<pose>Unspecified</pose>
		<truncated>0</truncated>
		<difficult>0</difficult>
		<bndbox>
			<xmin>11</xmin>
			<ymin>3</ymin>
			<xmax>107</xmax>
			<ymax>76</ymax>
		</bndbox>
	</object>
	<object>
		<name>38</name>
		<pose>Unspecified</pose>
		<truncated>0</truncated>
		<difficult>0</difficult>
		<bndbox>
			<xmin>98</xmin>
			<ymin>7</ymin>
			<xmax>197</xmax>
			<ymax>84</ymax>
		</bndbox>
	</object>
	<object>
		<name>63</name>
		<pose>Unspecified</pose>
		<truncated>0</truncated>
		<difficult>0</difficult>
		<bndbox>
			<xmin>196</xmin>
			<ymin>8</ymin>
			<xmax>258</xmax>
			<ymax>101</ymax>
		</bndbox>
	</object>
	<object>
		<name>17</name>
		<pose>Unspecified</pose>
		<truncated>0</truncated>
		<difficult>0</difficult>
		<bndbox>
			<xmin>221</xmin>
			<ymin>3</ymin>
			<xmax>356</xmax>
			<ymax>88</ymax>
		</bndbox>
	</object>
</annotation>