<annotation>
	<folder>my-project-name</folder>
	<filename>1191.bmp</filename>
	<path>/my-project-name/1191.bmp</path>
	<source>
		<database>Unspecified</database>
	</source>
	<size>
		<width>191</width>
		<height>82</height>
		<depth>3</depth>
	</size>
	<object>
		<name>31</name>
		<pose>Unspecified</pose>
		<truncated>0</truncated>
		<difficult>0</difficult>
		<bndbox>
			<xmin>10</xmin>
			<ymin>0</ymin>
			<xmax>93</xmax>
			<ymax>77</ymax>
		</bndbox>
	</object>
	<object>
		<name>60</name>
		<pose>Unspecified</pose>
		<truncated>0</truncated>
		<difficult>0</difficult>
		<bndbox>
			<xmin>93</xmin>
			<ymin>0</ymin>
			<xmax>122</xmax>
			<ymax>75</ymax>
		</bndbox>
	</object>
	<object>
		<name>37</name>
		<pose>Unspecified</pose>
		<truncated>0</truncated>
		<difficult>0</difficult>
		<bndbox>
			<xmin>119</xmin>
			<ymin>3</ymin>
			<xmax>183</xmax>
			<ymax>78</ymax>
		</bndbox>
	</object>
</annotation>