<annotation>
	<folder>my-project-name</folder>
	<filename>1192.bmp</filename>
	<path>/my-project-name/1192.bmp</path>
	<source>
		<database>Unspecified</database>
	</source>
	<size>
		<width>342</width>
		<height>95</height>
		<depth>3</depth>
	</size>
	<object>
		<name>27</name>
		<pose>Unspecified</pose>
		<truncated>0</truncated>
		<difficult>0</difficult>
		<bndbox>
			<xmin>22</xmin>
			<ymin>0</ymin>
			<xmax>131</xmax>
			<ymax>74</ymax>
		</bndbox>
	</object>
	<object>
		<name>60</name>
		<pose>Unspecified</pose>
		<truncated>0</truncated>
		<difficult>0</difficult>
		<bndbox>
			<xmin>135</xmin>
			<ymin>0</ymin>
			<xmax>166</xmax>
			<ymax>72</ymax>
		</bndbox>
	</object>
	<object>
		<name>11</name>
		<pose>Unspecified</pose>
		<truncated>0</truncated>
		<difficult>0</difficult>
		<bndbox>
			<xmin>152</xmin>
			<ymin>0</ymin>
			<xmax>228</xmax>
			<ymax>78</ymax>
		</bndbox>
	</object>
	<object>
		<name>63</name>
		<pose>Unspecified</pose>
		<truncated>0</truncated>
		<difficult>0</difficult>
		<bndbox>
			<xmin>226</xmin>
			<ymin>0</ymin>
			<xmax>298</xmax>
			<ymax>92</ymax>
		</bndbox>
	</object>
	<object>
		<name>26</name>
		<pose>Unspecified</pose>
		<truncated>0</truncated>
		<difficult>0</difficult>
		<bndbox>
			<xmin>255</xmin>
			<ymin>5</ymin>
			<xmax>332</xmax>
			<ymax>70</ymax>
		</bndbox>
	</object>
</annotation>