<annotation>
	<folder>my-project-name</folder>
	<filename>1193.bmp</filename>
	<path>/my-project-name/1193.bmp</path>
	<source>
		<database>Unspecified</database>
	</source>
	<size>
		<width>157</width>
		<height>68</height>
		<depth>3</depth>
	</size>
	<object>
		<name>25</name>
		<pose>Unspecified</pose>
		<truncated>0</truncated>
		<difficult>0</difficult>
		<bndbox>
			<xmin>9</xmin>
			<ymin>0</ymin>
			<xmax>73</xmax>
			<ymax>67</ymax>
		</bndbox>
	</object>
	<object>
		<name>33</name>
		<pose>Unspecified</pose>
		<truncated>0</truncated>
		<difficult>0</difficult>
		<bndbox>
			<xmin>72</xmin>
			<ymin>3</ymin>
			<xmax>147</xmax>
			<ymax>63</ymax>
		</bndbox>
	</object>
</annotation>