<annotation>
	<folder>my-project-name</folder>
	<filename>1194.bmp</filename>
	<path>/my-project-name/1194.bmp</path>
	<source>
		<database>Unspecified</database>
	</source>
	<size>
		<width>199</width>
		<height>97</height>
		<depth>3</depth>
	</size>
	<object>
		<name>35</name>
		<pose>Unspecified</pose>
		<truncated>0</truncated>
		<difficult>0</difficult>
		<bndbox>
			<xmin>8</xmin>
			<ymin>0</ymin>
			<xmax>134</xmax>
			<ymax>79</ymax>
		</bndbox>
	</object>
	<object>
		<name>63</name>
		<pose>Unspecified</pose>
		<truncated>0</truncated>
		<difficult>0</difficult>
		<bndbox>
			<xmin>134</xmin>
			<ymin>4</ymin>
			<xmax>188</xmax>
			<ymax>93</ymax>
		</bndbox>
	</object>
	<object>
		<name>64</name>
		<pose>Unspecified</pose>
		<truncated>0</truncated>
		<difficult>0</difficult>
		<bndbox>
			<xmin>170</xmin>
			<ymin>28</ymin>
			<xmax>199</xmax>
			<ymax>69</ymax>
		</bndbox>
	</object>
</annotation>