<annotation>
	<folder>my-project-name</folder>
	<filename>1195.bmp</filename>
	<path>/my-project-name/1195.bmp</path>
	<source>
		<database>Unspecified</database>
	</source>
	<size>
		<width>329</width>
		<height>70</height>
		<depth>3</depth>
	</size>
	<object>
		<name>7</name>
		<pose>Unspecified</pose>
		<truncated>0</truncated>
		<difficult>0</difficult>
		<bndbox>
			<xmin>2</xmin>
			<ymin>3</ymin>
			<xmax>92</xmax>
			<ymax>70</ymax>
		</bndbox>
	</object>
	<object>
		<name>11</name>
		<pose>Unspecified</pose>
		<truncated>0</truncated>
		<difficult>0</difficult>
		<bndbox>
			<xmin>95</xmin>
			<ymin>0</ymin>
			<xmax>176</xmax>
			<ymax>70</ymax>
		</bndbox>
	</object>
	<object>
		<name>64</name>
		<pose>Unspecified</pose>
		<truncated>0</truncated>
		<difficult>0</difficult>
		<bndbox>
			<xmin>183</xmin>
			<ymin>2</ymin>
			<xmax>236</xmax>
			<ymax>69</ymax>
		</bndbox>
	</object>
	<object>
		<name>60</name>
		<pose>Unspecified</pose>
		<truncated>0</truncated>
		<difficult>0</difficult>
		<bndbox>
			<xmin>245</xmin>
			<ymin>2</ymin>
			<xmax>329</xmax>
			<ymax>70</ymax>
		</bndbox>
	</object>
</annotation>