<annotation>
	<folder>my-project-name</folder>
	<filename>1196.bmp</filename>
	<path>/my-project-name/1196.bmp</path>
	<source>
		<database>Unspecified</database>
	</source>
	<size>
		<width>171</width>
		<height>67</height>
		<depth>3</depth>
	</size>
	<object>
		<name>30</name>
		<pose>Unspecified</pose>
		<truncated>0</truncated>
		<difficult>0</difficult>
		<bndbox>
			<xmin>6</xmin>
			<ymin>2</ymin>
			<xmax>88</xmax>
			<ymax>67</ymax>
		</bndbox>
	</object>
	<object>
		<name>11</name>
		<pose>Unspecified</pose>
		<truncated>0</truncated>
		<difficult>0</difficult>
		<bndbox>
			<xmin>67</xmin>
			<ymin>1</ymin>
			<xmax>161</xmax>
			<ymax>67</ymax>
		</bndbox>
	</object>
</annotation>