<annotation>
	<folder>my-project-name</folder>
	<filename>1197.bmp</filename>
	<path>/my-project-name/1197.bmp</path>
	<source>
		<database>Unspecified</database>
	</source>
	<size>
		<width>171</width>
		<height>80</height>
		<depth>3</depth>
	</size>
	<object>
		<name>1</name>
		<pose>Unspecified</pose>
		<truncated>0</truncated>
		<difficult>0</difficult>
		<bndbox>
			<xmin>0</xmin>
			<ymin>0</ymin>
			<xmax>119</xmax>
			<ymax>73</ymax>
		</bndbox>
	</object>
	<object>
		<name>63</name>
		<pose>Unspecified</pose>
		<truncated>0</truncated>
		<difficult>0</difficult>
		<bndbox>
			<xmin>121</xmin>
			<ymin>4</ymin>
			<xmax>161</xmax>
			<ymax>79</ymax>
		</bndbox>
	</object>
	<object>
		<name>64</name>
		<pose>Unspecified</pose>
		<truncated>0</truncated>
		<difficult>0</difficult>
		<bndbox>
			<xmin>156</xmin>
			<ymin>30</ymin>
			<xmax>171</xmax>
			<ymax>60</ymax>
		</bndbox>
	</object>
</annotation>