<annotation>
	<folder>my-project-name</folder>
	<filename>1198.bmp</filename>
	<path>/my-project-name/1198.bmp</path>
	<source>
		<database>Unspecified</database>
	</source>
	<size>
		<width>149</width>
		<height>64</height>
		<depth>3</depth>
	</size>
	<object>
		<name>33</name>
		<pose>Unspecified</pose>
		<truncated>0</truncated>
		<difficult>0</difficult>
		<bndbox>
			<xmin>5</xmin>
			<ymin>0</ymin>
			<xmax>79</xmax>
			<ymax>64</ymax>
		</bndbox>
	</object>
	<object>
		<name>24</name>
		<pose>Unspecified</pose>
		<truncated>0</truncated>
		<difficult>0</difficult>
		<bndbox>
			<xmin>79</xmin>
			<ymin>2</ymin>
			<xmax>147</xmax>
			<ymax>56</ymax>
		</bndbox>
	</object>
</annotation>