<annotation>
	<folder>my-project-name</folder>
	<filename>1199.bmp</filename>
	<path>/my-project-name/1199.bmp</path>
	<source>
		<database>Unspecified</database>
	</source>
	<size>
		<width>248</width>
		<height>143</height>
		<depth>3</depth>
	</size>
	<object>
		<name>35</name>
		<pose>Unspecified</pose>
		<truncated>0</truncated>
		<difficult>0</difficult>
		<bndbox>
			<xmin>6</xmin>
			<ymin>22</ymin>
			<xmax>109</xmax>
			<ymax>102</ymax>
		</bndbox>
	</object>
	<object>
		<name>63</name>
		<pose>Unspecified</pose>
		<truncated>0</truncated>
		<difficult>0</difficult>
		<bndbox>
			<xmin>112</xmin>
			<ymin>30</ymin>
			<xmax>161</xmax>
			<ymax>104</ymax>
		</bndbox>
	</object>
	<object>
		<name>29</name>
		<pose>Unspecified</pose>
		<truncated>0</truncated>
		<difficult>0</difficult>
		<bndbox>
			<xmin>147</xmin>
			<ymin>0</ymin>
			<xmax>216</xmax>
			<ymax>92</ymax>
		</bndbox>
	</object>
	<object>
		<name>67</name>
		<pose>Unspecified</pose>
		<truncated>0</truncated>
		<difficult>0</difficult>
		<bndbox>
			<xmin>148</xmin>
			<ymin>31</ymin>
			<xmax>243</xmax>
			<ymax>142</ymax>
		</bndbox>
	</object>
</annotation>