<annotation>
	<folder>my-project-name</folder>
	<filename>1200.bmp</filename>
	<path>/my-project-name/1200.bmp</path>
	<source>
		<database>Unspecified</database>
	</source>
	<size>
		<width>208</width>
		<height>120</height>
		<depth>3</depth>
	</size>
	<object>
		<name>36</name>
		<pose>Unspecified</pose>
		<truncated>0</truncated>
		<difficult>0</difficult>
		<bndbox>
			<xmin>5</xmin>
			<ymin>6</ymin>
			<xmax>92</xmax>
			<ymax>75</ymax>
		</bndbox>
	</object>
	<object>
		<name>86</name>
		<pose>Unspecified</pose>
		<truncated>0</truncated>
		<difficult>0</difficult>
		<bndbox>
			<xmin>20</xmin>
			<ymin>70</ymin>
			<xmax>95</xmax>
			<ymax>120</ymax>
		</bndbox>
	</object>
	<object>
		<name>78</name>
		<pose>Unspecified</pose>
		<truncated>0</truncated>
		<difficult>0</difficult>
		<bndbox>
			<xmin>96</xmin>
			<ymin>3</ymin>
			<xmax>203</xmax>
			<ymax>105</ymax>
		</bndbox>
	</object>
</annotation>