<annotation>
	<folder>my-project-name</folder>
	<filename>1201.bmp</filename>
	<path>/my-project-name/1201.bmp</path>
	<source>
		<database>Unspecified</database>
	</source>
	<size>
		<width>126</width>
		<height>72</height>
		<depth>3</depth>
	</size>
	<object>
		<name>38</name>
		<pose>Unspecified</pose>
		<truncated>0</truncated>
		<difficult>0</difficult>
		<bndbox>
			<xmin>7</xmin>
			<ymin>0</ymin>
			<xmax>92</xmax>
			<ymax>68</ymax>
		</bndbox>
	</object>
	<object>
		<name>60</name>
		<pose>Unspecified</pose>
		<truncated>0</truncated>
		<difficult>0</difficult>
		<bndbox>
			<xmin>94</xmin>
			<ymin>2</ymin>
			<xmax>122</xmax>
			<ymax>70</ymax>
		</bndbox>
	</object>
</annotation>