<annotation>
	<folder>my-project-name</folder>
	<filename>1203.bmp</filename>
	<path>/my-project-name/1203.bmp</path>
	<source>
		<database>Unspecified</database>
	</source>
	<size>
		<width>143</width>
		<height>114</height>
		<depth>3</depth>
	</size>
	<object>
		<name>12</name>
		<pose>Unspecified</pose>
		<truncated>0</truncated>
		<difficult>0</difficult>
		<bndbox>
			<xmin>4</xmin>
			<ymin>3</ymin>
			<xmax>82</xmax>
			<ymax>61</ymax>
		</bndbox>
	</object>
	<object>
		<name>86</name>
		<pose>Unspecified</pose>
		<truncated>0</truncated>
		<difficult>0</difficult>
		<bndbox>
			<xmin>8</xmin>
			<ymin>61</ymin>
			<xmax>104</xmax>
			<ymax>113</ymax>
		</bndbox>
	</object>
	<object>
		<name>33</name>
		<pose>Unspecified</pose>
		<truncated>0</truncated>
		<difficult>0</difficult>
		<bndbox>
			<xmin>82</xmin>
			<ymin>1</ymin>
			<xmax>136</xmax>
			<ymax>70</ymax>
		</bndbox>
	</object>
</annotation>