<annotation>
	<folder>my-project-name</folder>
	<filename>1204.bmp</filename>
	<path>/my-project-name/1204.bmp</path>
	<source>
		<database>Unspecified</database>
	</source>
	<size>
		<width>289</width>
		<height>98</height>
		<depth>3</depth>
	</size>
	<object>
		<name>38</name>
		<pose>Unspecified</pose>
		<truncated>0</truncated>
		<difficult>0</difficult>
		<bndbox>
			<xmin>2</xmin>
			<ymin>0</ymin>
			<xmax>91</xmax>
			<ymax>76</ymax>
		</bndbox>
	</object>
	<object>
		<name>90</name>
		<pose>Unspecified</pose>
		<truncated>0</truncated>
		<difficult>0</difficult>
		<bndbox>
			<xmin>0</xmin>
			<ymin>1</ymin>
			<xmax>122</xmax>
			<ymax>84</ymax>
		</bndbox>
	</object>
	<object>
		<name>63</name>
		<pose>Unspecified</pose>
		<truncated>0</truncated>
		<difficult>0</difficult>
		<bndbox>
			<xmin>122</xmin>
			<ymin>1</ymin>
			<xmax>187</xmax>
			<ymax>88</ymax>
		</bndbox>
	</object>
	<object>
		<name>35</name>
		<pose>Unspecified</pose>
		<truncated>0</truncated>
		<difficult>0</difficult>
		<bndbox>
			<xmin>158</xmin>
			<ymin>1</ymin>
			<xmax>226</xmax>
			<ymax>71</ymax>
		</bndbox>
	</object>
	<object>
		<name>63</name>
		<pose>Unspecified</pose>
		<truncated>0</truncated>
		<difficult>0</difficult>
		<bndbox>
			<xmin>229</xmin>
			<ymin>3</ymin>
			<xmax>281</xmax>
			<ymax>96</ymax>
		</bndbox>
	</object>
	<object>
		<name>64</name>
		<pose>Unspecified</pose>
		<truncated>0</truncated>
		<difficult>0</difficult>
		<bndbox>
			<xmin>257</xmin>
			<ymin>27</ymin>
			<xmax>289</xmax>
			<ymax>66</ymax>
		</bndbox>
	</object>
</annotation>