<annotation>
	<folder>my-project-name</folder>
	<filename>1205.bmp</filename>
	<path>/my-project-name/1205.bmp</path>
	<source>
		<database>Unspecified</database>
	</source>
	<size>
		<width>175</width>
		<height>69</height>
		<depth>3</depth>
	</size>
	<object>
		<name>11</name>
		<pose>Unspecified</pose>
		<truncated>0</truncated>
		<difficult>0</difficult>
		<bndbox>
			<xmin>7</xmin>
			<ymin>3</ymin>
			<xmax>97</xmax>
			<ymax>69</ymax>
		</bndbox>
	</object>
	<object>
		<name>27</name>
		<pose>Unspecified</pose>
		<truncated>0</truncated>
		<difficult>0</difficult>
		<bndbox>
			<xmin>100</xmin>
			<ymin>4</ymin>
			<xmax>173</xmax>
			<ymax>69</ymax>
		</bndbox>
	</object>
</annotation>