<annotation>
	<folder>my-project-name</folder>
	<filename>1206.bmp</filename>
	<path>/my-project-name/1206.bmp</path>
	<source>
		<database>Unspecified</database>
	</source>
	<size>
		<width>183</width>
		<height>70</height>
		<depth>3</depth>
	</size>
	<object>
		<name>38</name>
		<pose>Unspecified</pose>
		<truncated>0</truncated>
		<difficult>0</difficult>
		<bndbox>
			<xmin>0</xmin>
			<ymin>0</ymin>
			<xmax>101</xmax>
			<ymax>68</ymax>
		</bndbox>
	</object>
	<object>
		<name>12</name>
		<pose>Unspecified</pose>
		<truncated>0</truncated>
		<difficult>0</difficult>
		<bndbox>
			<xmin>104</xmin>
			<ymin>2</ymin>
			<xmax>178</xmax>
			<ymax>64</ymax>
		</bndbox>
	</object>
</annotation>