<annotation>
	<folder>my-project-name</folder>
	<filename>1207.bmp</filename>
	<path>/my-project-name/1207.bmp</path>
	<source>
		<database>Unspecified</database>
	</source>
	<size>
		<width>221</width>
		<height>75</height>
		<depth>3</depth>
	</size>
	<object>
		<name>11</name>
		<pose>Unspecified</pose>
		<truncated>0</truncated>
		<difficult>0</difficult>
		<bndbox>
			<xmin>8</xmin>
			<ymin>0</ymin>
			<xmax>119</xmax>
			<ymax>65</ymax>
		</bndbox>
	</object>
	<object>
		<name>60</name>
		<pose>Unspecified</pose>
		<truncated>0</truncated>
		<difficult>0</difficult>
		<bndbox>
			<xmin>118</xmin>
			<ymin>0</ymin>
			<xmax>147</xmax>
			<ymax>71</ymax>
		</bndbox>
	</object>
	<object>
		<name>37</name>
		<pose>Unspecified</pose>
		<truncated>0</truncated>
		<difficult>0</difficult>
		<bndbox>
			<xmin>149</xmin>
			<ymin>2</ymin>
			<xmax>213</xmax>
			<ymax>75</ymax>
		</bndbox>
	</object>
</annotation>