<annotation>
	<folder>my-project-name</folder>
	<filename>1209.bmp</filename>
	<path>/my-project-name/1209.bmp</path>
	<source>
		<database>Unspecified</database>
	</source>
	<size>
		<width>442</width>
		<height>97</height>
		<depth>3</depth>
	</size>
	<object>
		<name>14</name>
		<pose>Unspecified</pose>
		<truncated>0</truncated>
		<difficult>0</difficult>
		<bndbox>
			<xmin>6</xmin>
			<ymin>9</ymin>
			<xmax>117</xmax>
			<ymax>71</ymax>
		</bndbox>
	</object>
	<object>
		<name>86</name>
		<pose>Unspecified</pose>
		<truncated>0</truncated>
		<difficult>0</difficult>
		<bndbox>
			<xmin>25</xmin>
			<ymin>77</ymin>
			<xmax>139</xmax>
			<ymax>97</ymax>
		</bndbox>
	</object>
	<object>
		<name>35</name>
		<pose>Unspecified</pose>
		<truncated>0</truncated>
		<difficult>0</difficult>
		<bndbox>
			<xmin>120</xmin>
			<ymin>11</ymin>
			<xmax>194</xmax>
			<ymax>81</ymax>
		</bndbox>
	</object>
	<object>
		<name>60</name>
		<pose>Unspecified</pose>
		<truncated>0</truncated>
		<difficult>0</difficult>
		<bndbox>
			<xmin>186</xmin>
			<ymin>8</ymin>
			<xmax>228</xmax>
			<ymax>83</ymax>
		</bndbox>
	</object>
	<object>
		<name>30</name>
		<pose>Unspecified</pose>
		<truncated>0</truncated>
		<difficult>0</difficult>
		<bndbox>
			<xmin>254</xmin>
			<ymin>10</ymin>
			<xmax>322</xmax>
			<ymax>78</ymax>
		</bndbox>
	</object>
	<object>
		<name>90</name>
		<pose>Unspecified</pose>
		<truncated>0</truncated>
		<difficult>0</difficult>
		<bndbox>
			<xmin>231</xmin>
			<ymin>2</ymin>
			<xmax>436</xmax>
			<ymax>97</ymax>
		</bndbox>
	</object>
</annotation>