<annotation>
	<folder>my-project-name</folder>
	<filename>1211.bmp</filename>
	<path>/my-project-name/1211.bmp</path>
	<source>
		<database>Unspecified</database>
	</source>
	<size>
		<width>294</width>
		<height>72</height>
		<depth>3</depth>
	</size>
	<object>
		<name>1</name>
		<pose>Unspecified</pose>
		<truncated>0</truncated>
		<difficult>0</difficult>
		<bndbox>
			<xmin>5</xmin>
			<ymin>3</ymin>
			<xmax>159</xmax>
			<ymax>72</ymax>
		</bndbox>
	</object>
	<object>
		<name>60</name>
		<pose>Unspecified</pose>
		<truncated>0</truncated>
		<difficult>0</difficult>
		<bndbox>
			<xmin>163</xmin>
			<ymin>5</ymin>
			<xmax>221</xmax>
			<ymax>72</ymax>
		</bndbox>
	</object>
	<object>
		<name>30</name>
		<pose>Unspecified</pose>
		<truncated>0</truncated>
		<difficult>0</difficult>
		<bndbox>
			<xmin>200</xmin>
			<ymin>2</ymin>
			<xmax>284</xmax>
			<ymax>66</ymax>
		</bndbox>
	</object>
	<object>
		<name>64</name>
		<pose>Unspecified</pose>
		<truncated>0</truncated>
		<difficult>0</difficult>
		<bndbox>
			<xmin>265</xmin>
			<ymin>18</ymin>
			<xmax>294</xmax>
			<ymax>52</ymax>
		</bndbox>
	</object>
</annotation>