<annotation>
	<folder>my-project-name</folder>
	<filename>1212.bmp</filename>
	<path>/my-project-name/1212.bmp</path>
	<source>
		<database>Unspecified</database>
	</source>
	<size>
		<width>295</width>
		<height>113</height>
		<depth>3</depth>
	</size>
	<object>
		<name>7</name>
		<pose>Unspecified</pose>
		<truncated>0</truncated>
		<difficult>0</difficult>
		<bndbox>
			<xmin>2</xmin>
			<ymin>21</ymin>
			<xmax>92</xmax>
			<ymax>100</ymax>
		</bndbox>
	</object>
	<object>
		<name>63</name>
		<pose>Unspecified</pose>
		<truncated>0</truncated>
		<difficult>0</difficult>
		<bndbox>
			<xmin>95</xmin>
			<ymin>30</ymin>
			<xmax>148</xmax>
			<ymax>113</ymax>
		</bndbox>
	</object>
	<object>
		<name>26</name>
		<pose>Unspecified</pose>
		<truncated>0</truncated>
		<difficult>0</difficult>
		<bndbox>
			<xmin>117</xmin>
			<ymin>28</ymin>
			<xmax>181</xmax>
			<ymax>92</ymax>
		</bndbox>
	</object>
	<object>
		<name>2</name>
		<pose>Unspecified</pose>
		<truncated>0</truncated>
		<difficult>0</difficult>
		<bndbox>
			<xmin>186</xmin>
			<ymin>3</ymin>
			<xmax>290</xmax>
			<ymax>106</ymax>
		</bndbox>
	</object>
</annotation>