<annotation>
	<folder>my-project-name</folder>
	<filename>1213.bmp</filename>
	<path>/my-project-name/1213.bmp</path>
	<source>
		<database>Unspecified</database>
	</source>
	<size>
		<width>377</width>
		<height>111</height>
		<depth>3</depth>
	</size>
	<object>
		<name>33</name>
		<pose>Unspecified</pose>
		<truncated>0</truncated>
		<difficult>0</difficult>
		<bndbox>
			<xmin>39</xmin>
			<ymin>21</ymin>
			<xmax>105</xmax>
			<ymax>86</ymax>
		</bndbox>
	</object>
	<object>
		<name>90</name>
		<pose>Unspecified</pose>
		<truncated>0</truncated>
		<difficult>0</difficult>
		<bndbox>
			<xmin>5</xmin>
			<ymin>16</ymin>
			<xmax>133</xmax>
			<ymax>104</ymax>
		</bndbox>
	</object>
	<object>
		<name>29</name>
		<pose>Unspecified</pose>
		<truncated>0</truncated>
		<difficult>0</difficult>
		<bndbox>
			<xmin>145</xmin>
			<ymin>0</ymin>
			<xmax>225</xmax>
			<ymax>98</ymax>
		</bndbox>
	</object>
	<object>
		<name>42</name>
		<pose>Unspecified</pose>
		<truncated>0</truncated>
		<difficult>0</difficult>
		<bndbox>
			<xmin>229</xmin>
			<ymin>23</ymin>
			<xmax>297</xmax>
			<ymax>111</ymax>
		</bndbox>
	</object>
	<object>
		<name>45</name>
		<pose>Unspecified</pose>
		<truncated>0</truncated>
		<difficult>0</difficult>
		<bndbox>
			<xmin>281</xmin>
			<ymin>13</ymin>
			<xmax>370</xmax>
			<ymax>111</ymax>
		</bndbox>
	</object>
</annotation>