<annotation>
	<folder>my-project-name</folder>
	<filename>1215.bmp</filename>
	<path>/my-project-name/1215.bmp</path>
	<source>
		<database>Unspecified</database>
	</source>
	<size>
		<width>315</width>
		<height>97</height>
		<depth>3</depth>
	</size>
	<object>
		<name>60</name>
		<pose>Unspecified</pose>
		<truncated>0</truncated>
		<difficult>0</difficult>
		<bndbox>
			<xmin>4</xmin>
			<ymin>8</ymin>
			<xmax>24</xmax>
			<ymax>77</ymax>
		</bndbox>
	</object>
	<object>
		<name>11</name>
		<pose>Unspecified</pose>
		<truncated>0</truncated>
		<difficult>0</difficult>
		<bndbox>
			<xmin>27</xmin>
			<ymin>7</ymin>
			<xmax>107</xmax>
			<ymax>82</ymax>
		</bndbox>
	</object>
	<object>
		<name>26</name>
		<pose>Unspecified</pose>
		<truncated>0</truncated>
		<difficult>0</difficult>
		<bndbox>
			<xmin>141</xmin>
			<ymin>7</ymin>
			<xmax>214</xmax>
			<ymax>64</ymax>
		</bndbox>
	</object>
	<object>
		<name>90</name>
		<pose>Unspecified</pose>
		<truncated>0</truncated>
		<difficult>0</difficult>
		<bndbox>
			<xmin>114</xmin>
			<ymin>2</ymin>
			<xmax>305</xmax>
			<ymax>97</ymax>
		</bndbox>
	</object>
</annotation>