<annotation>
	<folder>my-project-name</folder>
	<filename>1216.bmp</filename>
	<path>/my-project-name/1216.bmp</path>
	<source>
		<database>Unspecified</database>
	</source>
	<size>
		<width>194</width>
		<height>111</height>
		<depth>3</depth>
	</size>
	<object>
		<name>39</name>
		<pose>Unspecified</pose>
		<truncated>0</truncated>
		<difficult>0</difficult>
		<bndbox>
			<xmin>6</xmin>
			<ymin>0</ymin>
			<xmax>106</xmax>
			<ymax>55</ymax>
		</bndbox>
	</object>
	<object>
		<name>86</name>
		<pose>Unspecified</pose>
		<truncated>0</truncated>
		<difficult>0</difficult>
		<bndbox>
			<xmin>41</xmin>
			<ymin>51</ymin>
			<xmax>119</xmax>
			<ymax>95</ymax>
		</bndbox>
	</object>
	<object>
		<name>29</name>
		<pose>Unspecified</pose>
		<truncated>0</truncated>
		<difficult>0</difficult>
		<bndbox>
			<xmin>109</xmin>
			<ymin>0</ymin>
			<xmax>194</xmax>
			<ymax>57</ymax>
		</bndbox>
	</object>
	<object>
		<name>86</name>
		<pose>Unspecified</pose>
		<truncated>0</truncated>
		<difficult>0</difficult>
		<bndbox>
			<xmin>122</xmin>
			<ymin>56</ymin>
			<xmax>190</xmax>
			<ymax>107</ymax>
		</bndbox>
	</object>
</annotation>