<annotation>
	<folder>my-project-name</folder>
	<filename>1217.bmp</filename>
	<path>/my-project-name/1217.bmp</path>
	<source>
		<database>Unspecified</database>
	</source>
	<size>
		<width>303</width>
		<height>78</height>
		<depth>3</depth>
	</size>
	<object>
		<name>11</name>
		<pose>Unspecified</pose>
		<truncated>0</truncated>
		<difficult>0</difficult>
		<bndbox>
			<xmin>4</xmin>
			<ymin>0</ymin>
			<xmax>120</xmax>
			<ymax>73</ymax>
		</bndbox>
	</object>
	<object>
		<name>60</name>
		<pose>Unspecified</pose>
		<truncated>0</truncated>
		<difficult>0</difficult>
		<bndbox>
			<xmin>116</xmin>
			<ymin>2</ymin>
			<xmax>156</xmax>
			<ymax>74</ymax>
		</bndbox>
	</object>
	<object>
		<name>18</name>
		<pose>Unspecified</pose>
		<truncated>0</truncated>
		<difficult>0</difficult>
		<bndbox>
			<xmin>154</xmin>
			<ymin>3</ymin>
			<xmax>294</xmax>
			<ymax>78</ymax>
		</bndbox>
	</object>
</annotation>