<annotation>
	<folder>my-project-name</folder>
	<filename>1218.bmp</filename>
	<path>/my-project-name/1218.bmp</path>
	<source>
		<database>Unspecified</database>
	</source>
	<size>
		<width>261</width>
		<height>78</height>
		<depth>3</depth>
	</size>
	<object>
		<name>11</name>
		<pose>Unspecified</pose>
		<truncated>0</truncated>
		<difficult>0</difficult>
		<bndbox>
			<xmin>11</xmin>
			<ymin>0</ymin>
			<xmax>98</xmax>
			<ymax>73</ymax>
		</bndbox>
	</object>
	<object>
		<name>60</name>
		<pose>Unspecified</pose>
		<truncated>0</truncated>
		<difficult>0</difficult>
		<bndbox>
			<xmin>94</xmin>
			<ymin>4</ymin>
			<xmax>139</xmax>
			<ymax>75</ymax>
		</bndbox>
	</object>
	<object>
		<name>18</name>
		<pose>Unspecified</pose>
		<truncated>0</truncated>
		<difficult>0</difficult>
		<bndbox>
			<xmin>143</xmin>
			<ymin>2</ymin>
			<xmax>254</xmax>
			<ymax>78</ymax>
		</bndbox>
	</object>
</annotation>