<annotation>
	<folder>my-project-name</folder>
	<filename>1219.bmp</filename>
	<path>/my-project-name/1219.bmp</path>
	<source>
		<database>Unspecified</database>
	</source>
	<size>
		<width>267</width>
		<height>78</height>
		<depth>3</depth>
	</size>
	<object>
		<name>11</name>
		<pose>Unspecified</pose>
		<truncated>0</truncated>
		<difficult>0</difficult>
		<bndbox>
			<xmin>6</xmin>
			<ymin>8</ymin>
			<xmax>100</xmax>
			<ymax>75</ymax>
		</bndbox>
	</object>
	<object>
		<name>37</name>
		<pose>Unspecified</pose>
		<truncated>0</truncated>
		<difficult>0</difficult>
		<bndbox>
			<xmin>105</xmin>
			<ymin>4</ymin>
			<xmax>158</xmax>
			<ymax>78</ymax>
		</bndbox>
	</object>
	<object>
		<name>60</name>
		<pose>Unspecified</pose>
		<truncated>0</truncated>
		<difficult>0</difficult>
		<bndbox>
			<xmin>155</xmin>
			<ymin>2</ymin>
			<xmax>259</xmax>
			<ymax>78</ymax>
		</bndbox>
	</object>
</annotation>