<annotation>
	<folder>my-project-name</folder>
	<filename>1220.bmp</filename>
	<path>/my-project-name/1220.bmp</path>
	<source>
		<database>Unspecified</database>
	</source>
	<size>
		<width>263</width>
		<height>136</height>
		<depth>3</depth>
	</size>
	<object>
		<name>63</name>
		<pose>Unspecified</pose>
		<truncated>0</truncated>
		<difficult>0</difficult>
		<bndbox>
			<xmin>3</xmin>
			<ymin>28</ymin>
			<xmax>79</xmax>
			<ymax>118</ymax>
		</bndbox>
	</object>
	<object>
		<name>41</name>
		<pose>Unspecified</pose>
		<truncated>0</truncated>
		<difficult>0</difficult>
		<bndbox>
			<xmin>30</xmin>
			<ymin>24</ymin>
			<xmax>115</xmax>
			<ymax>95</ymax>
		</bndbox>
	</object>
	<object>
		<name>21</name>
		<pose>Unspecified</pose>
		<truncated>0</truncated>
		<difficult>0</difficult>
		<bndbox>
			<xmin>115</xmin>
			<ymin>3</ymin>
			<xmax>187</xmax>
			<ymax>87</ymax>
		</bndbox>
	</object>
	<object>
		<name>21</name>
		<pose>Unspecified</pose>
		<truncated>0</truncated>
		<difficult>0</difficult>
		<bndbox>
			<xmin>117</xmin>
			<ymin>87</ymin>
			<xmax>190</xmax>
			<ymax>135</ymax>
		</bndbox>
	</object>
	<object>
		<name>11</name>
		<pose>Unspecified</pose>
		<truncated>0</truncated>
		<difficult>0</difficult>
		<bndbox>
			<xmin>181</xmin>
			<ymin>25</ymin>
			<xmax>256</xmax>
			<ymax>83</ymax>
		</bndbox>
	</object>
	<object>
		<name>86</name>
		<pose>Unspecified</pose>
		<truncated>0</truncated>
		<difficult>0</difficult>
		<bndbox>
			<xmin>191</xmin>
			<ymin>78</ymin>
			<xmax>258</xmax>
			<ymax>131</ymax>
		</bndbox>
	</object>
</annotation>